"Rowan University Daily Crime Log, July 2026",,,,,,,
Case Number,Date/Time Reported,Date/Time Occurred,Nature,Incident Narrative,Campus,Location,Disposition
RUPD 26-020839,7/1/26 1:58,7/1/26 1:46,Trespassing (Defiant),RUPD issued a summons for Defiant Trespassing to a non-student who had been previously banned from campus.,Glassboro,Campus (near Rt. 322 crosswalk),Closed; Subject Issued Summons
RUPD 26-020892/ CSA 8482506,7/1/26 14:07,4/18/26 23:18,Criminal Mischief,RUPD issued a summons Immoral conduct to a student who damaged a fire extinguisher cabinet.,Glassboro,Holly Pointe Commons,Closed; Subject Issued Summons
RUPD 26-021098/ CSA 84189,7/2/26 22:44,7/2/26 4:00,Domestic Violence; Assault (Simple),An outside agency informed RUPD that a non-student reported being assaulted by an ex-partner while present in their campus residence.,Glassboro,Rowan Blvd. Apts. student housing,Closed; Subject Arrested
RUPD 26-021138,7/3/26 10:07,7/3/26 10:07,Obstruction; Trespassing,RUPD arrested a non-student who was found trespassing and provided false identification information.,Glassboro,Science Hall,Closed; Subject Arrested; Trespassing Notice/Warning Issued
RUPD 26-021711,7/9/26 0:09,7/9/26 0:09,Possession of CDS (Prohibited Drug/Paraphernalia),RUPD issued a summons for possessing an open container of cannabis in a motor vehicle to a non-student.,Glassboro,Main St./Victoria St.,Closed; Subject Issued Summons
RUPD 26-021816,7/9/26 21:26,7/9/26 21:26,Trespassing,RUPD issued a Trespassing warning to a non-student.,Rowan-Virtua SOM (Stratford),42 E. Laurel Rd.,Closed; Trespassing Notice/Warning Issued
RUPD 26-021903,7/10/26 11:36,6/29/2026 Unk.,Motor Vehicle Theft (Electric Scooter); Criminal Mischief (Lock),Student reported to RUPD that their E-scooter was stolen and the lock was broken.,Glassboro,Outside of Rowan Blvd. Apts.,Open/Active; Disposition updated/Inactive
RUPD 26-022299,7/13/26 14:59,7/8/26 11:00,Harassment,Employee reported to RUPD that they were being harassed by a supervisor.,Glassboro,Outside of Intermediate School,Closed; Reporting party declined police involvement
RUPD 26-022431,7/14/26 21:42,7/14/26 21:42,Alcohol Violation (DWI),RUPD arrested a non-student for DWI.,Glassboro,Rt. 322/West St.,Closed; Subject Arrested
RUPD 26-022577,7/16/26 3:28,7/16/26 3:20,Motor Vehicle Theft (Electric Scooter) - Attempted,Employee reported to RUPD that they witnessed an attempted theft of a E-scooter.,Glassboro,Outside of Science Hall,Open/Active; Disposition updated/Inactive
RUPD 26-022586,7/16/26 7:16,7/16/26 7:16,Domestic Violence (Harassment),Non-student patient was harassing another non-student family member.,Rowan-Virtua SOM (Stratford),42 E. Laurel Rd. (Rowan Medicine Bldg.),Closed; Reporting party declined police involvement
RUPD 26-022631,7/16/26 16:02,7/16/26 16:02,Trespassing,RUPD issued a Trespassing warning to a student.,Glassboro,Richard Wackar Stadium,Closed; Subject warned
RUPD 26-022823,7/18/26 14:00,7/18/26 14:00,Weapons Law Violation (Spring-loaded knife),RUPD arrested a non-student who was found in possession of an illegal knife.,Glassboro,Rt. 322,Closed; Subject Arrested
RUPD 26-023038,7/21/26 2:01,Unknown,Criminal Mischief- Graffiti,RUPD responded to a report of graffiti.,Glassboro,North Halls Gazebo,Open/Active; Disposition updated/Inactive
RUPD 26-023225,7/22/26 11:38,Unknown,Theft- Workstation,IRT reported to RUPD that a workstation was missing from a lab.,Glassboro,Rohrer Business Hall,Open/Active; Disposition updated/Inactive
RUPD 26-023387,7/23/26 12:43,7/10/26 22:00,Theft- iPhone,Non-student reported to RUPD that their iPhone was taken.,Glassboro,North Halls Gazebo,Open/Active; Disposition updated; Closed; Investigation Completed; Unsolved
RUPD 26-023461,7/24/26 0:46,7/24/26 0:46,Littering,RUPD issued a summons for Littering to a non-student.,Glassboro,Lot A-1,Closed; Subject Issued Summons
RUPD 26-023470,7/24/26 1:29,7/22/26 22:26,Trespassing (Defiant),RUPD issued a summons for Defiant Trespassing to a non-student.,Rowan-Virtua SOM (Stratford),6 S. White Horse Pike lot,Closed; Subject Issued Summons; Trespassing Notice/Warning Issued
RUPD 26-024000,7/27/26 14:11,7/27/26 14:11,Trespassing,RUPD issued a Trespassing warning to a non-student.,Glassboro,Chamberlain Student Center,Closed; Trespassing Notice/Warning Issued
RUPD 26-024001,7/27/26 14:22,7/27/26 14:22,Alcohol Violation (DWI),RUPD arrested a student for DWI.,Glassboro,N. Academy St./E. New St.,Closed; Subject Arrested
RUPD 26-024105,7/28/26 9:41,7/28/26 9:41,Possession of CDS (Illegal Drug) Paraphernalia,RUPD arrested a non-student for possessing illegal drug paraphernalia.,Glassboro,Ellis St. Lot,Closed; Subject Arrested
RUPD 26-024138,7/28/26 15:54,7/28/26 15:54,Disorderly Conduct,RUPD issued a non-student a summons for Disorderly conduct.,Glassboro,Glassboro Town Square,Closed; Subject Issued Summons
RUPD 26-024281,7/29/26 17:25,7/28/26 23:10,Theft (Bicycle); Criminal Mischief (Lock),Student reported to RUPD that their bicycle was stolen and the lock was cut.,Glassboro,Outside of Rowan Blvd. Apts.,Open/Active; Disposition updated/Inactive