"Rowan University Daily Crime Log, September 2026",,,,,,,
Case Number,Date/Time Reported,Date/Time Occurred,Nature,Incident Narrative,Campus,Location,Disposition
RUPD 26-028143/ CSA 85932,9/1/26 23:20,9/1/26 22:30,Theft,Student reported to RUPD that their Doordash delivery was stolen.,Glassboro,57 N. Main St. Apts.,Open/Active
RUPD 26-028159,9/2/26 1:04,9/2/26 1:04,Disorderly Conduct,RUPD arrested a non-student for causing a disturbance when be addressed by officers.,Glassboro,Lot B,Closed; Subject arrested; Trespass notice issued
RUPD 26-028204,9/2/26 5:20,9/2/26 5:20,Trespassing,RUPD issued a summons to a non-student juvenile for trespassing of the campus.,Glassboro,Campus,Closed; Subject issued summons
RUPD 26-028265,9/2/26 21:00,9/2/26 19:00,Theft,Student reported to RUPD that cash was stolen from their wallet.,Glassboro,114 Victoria St. Fitness Center,Open/Active
CSA 86047,9/3/26 22:27,9/3/26 22:00,Criminal Mischief,RLUH staff reported observing a hole in the wall.,Glassboro,230 Victoria St. Apts.,Incident not reported to RUPD; Addressed by University Department
RUPD 26-028383,9/3/26 18:02,9/3/26 18:02,Harassment,RUPD issued a trespass warning to a non-student who was repeatedly yelling at a student from a vehicle.,Glassboro,Carpenter St.,Closed; Subject issued trespass warning
RUPD 26-028446,9/3/26 23:48,9/3/26 23:48,Possession of open container of alcohol,RUPD issued a summons to a student for possession of an open alcohol container.,Glassboro,Outside of Holly Pointe Commons ,Closed; Subject issued summons
RUPD 26-028469,9/4/26 2:07,9/4/26 2:07,Creating False Public Alarm,Unknown individuals activated a fire alarm pull station.,Glassboro,223 W. High St. Apts.,Open/Active
RUPD 26-028502,9/4/26 11:39,9/1/26 20:00,Theft,Student reported to RUPD that their backpack (containing clothing/charger) was stolen.,Glassboro,Chestnut Hall,Open/Active
RUPD 26-028514,9/4/26 14:53,9/4/26 9:00,Criminal Mischief,Student reported to RUPD that their vehicle window was damaged.,Glassboro,Lot F,Open/Active; Disposition updated/Inactive
RUPD 26-028515/ CSA 86284,9/4/26 15:03,9/3/26 15:00,Sexual Assault/Sex Offense,Student reported to RUPD being sexually assaulted in their on-campus residence.,Glassboro,On-Campus Residential Housing,Open/Active; Addressed by University Department; Disposition Updated- Closed; Referred to GC Prosecutor
RUPD 26-028583,9/4/26 21:57,9/4/26 21:57,DWI,RUPD arrested a non-student juvenile for DWI,Glassboro,Ellis St./Sewell St.,Closed; Subject arrested
RUPD 26-028592,9/4/26 22:30,9/4/26 22:30,Possession of open container of alcohol,RUPD issued a summons to a student for possession of an open alcohol container.,Glassboro,Outside of Holly Pointe Commons ,Closed; Subject issued summons
RUPD 26-028610,9/5/26 0:15,9/5/26 0:15,Possession of open container of alcohol; Obstruction,RUPD issued a summons to a non-student for possession of an open alcohol container and Obstruction.,Glassboro,Outside of Holly Pointe Commons ,Closed; Subject issued summons
RUPD 26-028618,9/5/26 0:52,9/5/26 0:52,Disorderly Conduct; Resisting Arrest,RUPD arrested a non-student for disorderly conduct and resisting arrest.,Glassboro,Outside of Holly Pointe Commons ,Closed; Subject arrested
"RUPD 26-028623/ CSA 86238, 86134",9/5/26 1:52,Since 5/13/26 Unk.,Harassment; Stalking,Student reported to RUPD being harassed/stalked by another student.,Glassboro,230 Victoria St. Apts./Online,Closed; Reporting party declined police involvement; Addressed by University Department
RUPD 26-028624,9/5/26 1:58,9/5/26 1:05,Theft,Student reported to RUPD that their wallet and car keys were stolen.,Glassboro,Holly Pointe Commons ,Open/Active
RUPD 26-028694,9/5/26 14:43,9/5/26 14:43,Possession of open container of alcohol,RUPD issued a summons to two students for possession of an open alcohol container.,Glassboro,Carpenter St.,Closed; Subjects issued summons
RUPD 26-028697,9/5/26 15:05,9/5/26 15:05,Possession of open container of alcohol,RUPD issued a summons to a student for possession of an open alcohol container.,Glassboro,Carpenter St.,Closed; Subject issued summons
RUPD 26-028701,9/5/26 15:21,9/5/26 15:21,Possession of open container of alcohol,RUPD issued a summons to a student for possession of an open alcohol container.,Glassboro,Carpenter St./Main St.,Closed; Subject issued summons
RUPD 26-028704,9/5/26 15:44,9/5/26 15:44,Possession of open container of alcohol,RUPD issued a summons to a student for possession of an open alcohol container.,Glassboro,Carpenter St./Silver Ave.,Closed; Subject issued summons
"CSA 86141, 86143",9/5/26 16:40,9/5/26 5:30,Simple Assault,Student reported a physical altercation in their room to the RLUH staff.,Glassboro,Holly Pointe Commons ,Incident not reported to RUPD; Addressed by University Department
RUPD 26-028719,9/5/26 18:45,8/28/26 6:00,Theft,Student reported to RUPD that their wallet was stolen.,Glassboro,Chestnut Hall,Open/Active; Disposition updated/Inactive
RUPD 26-028765/ CSA 86190,9/5/26 22:48,9/5/26 22:48,Simple Assault,Student reported to RUPD that they were involved in an altercation with another student.,Glassboro,Holly Pointe Commons ,Closed; Reporting party provided citizen's complaint info; Building Trespass Warning Issued
RUPD 26-028924 CAD/ CSA 86172,9/6/26 21:09,9/6/26 21:00,Disorderly Conduct,Student reported to RUPD that an unknown individual attempted to gain entry into their room.,Glassboro,Holly Pointe Commons ,Closed; Individual left prior to RUPD arrival.
CSA 86168,9/6/26 21:59,8/30/26 22:45,Harassment,Students reported repeated disturbances at their room to the RLUH staff.,Glassboro,Holly Pointe Commons ,Incident not reported to RUPD; Addressed by University Department
RUPD 26-028982/ CSA 86297,9/7/26 10:24,9/7/26 4:00,Sexual Assault/Sex Offense,Non-student juvenile reported to RUPD being sexually assaulted in a campus parking lot.,Glassboro,Campus lot,Open/Active
RUPD 26-029039,9/7/26 20:58,9/7/26 20:20,Sextortion,Student reported to RUPD that they were threatened by an unknown individual with sharing an explicit image online if demand for money was not met.,Glassboro,Campus,Open/Active
RUPD 26-029047,9/7/26 22:45,9/7/26 20:45,Sextortion,Student reported to RUPD that they were threatened by an unknown individual with sharing an explicit image online if demand for money was not met.,Glassboro,Campus,Open/Active
RUPD 26-029065/ CSA 86339,9/8/26 1:09,9/7/26 22:15,Harassment,Student reported to RUPD that a group of unknown individuals repeatedly made harassing statements.,Glassboro,Holly Pointe Commons ,Closed; Reporting party declined police involvement
"RUPD 26-029134 CAD/ GPD 26-033184/ CSA 86216, 86534",9/8/26 9:18,9/8/26 Unk.,Simple Assault,"A student reported to a campus official, RUPD, and Glassboro PD that they were assaulted by a group of unknown persons.",Glassboro,Rowan Blvd.,Closed; Glassboro Police jurisdiction
RUPD 26-029160,9/8/26 21:26,9/8/26 21:29,Simple Assault,Student reported to RUPD that they were assaulted by a non-student.,Glassboro,Campus,Open/Active; Disposition updated; Closed; Reporting party declined police involvement
"RUPD 26-029181/ CSA 86286, 86378",9/9/26 0:12,9/8/26 22:12,Sexual Assault/Sex Offense,Student reported to RUPD being sexually assaulted in their on-campus residence.,Glassboro,On-Campus Residential Housing,Open/Active; Addressed by University Department
RUPD 26-029296/ CSA 86345,9/9/26 20:22,9/9/26 13:00,Theft,Student reported to RUPD that their AirPods were stolen outside of their room.,Glassboro,Holly Pointe Commons ,Open/Active
RUPD 26-029571/ CSA 86421,9/11/26 10:14,9/11/26 5:00,Sexual Assault/Sex Offense,Student reported to RUPD being sexually assaulted in their on-campus residence.,Glassboro,On-Campus Residential Housing,Closed; Reporting party declined police involvement; Addressed by University Department
GPD 26-033674/ RUPD 26-029694 CAD,9/12/26 3:12,9/12/26 3:12,Criminal Mischief,GPD issued summons to three individuals (2 students/1 non-student) for attempted to remove a flock camera.,Glassboro,Campus,Glassboro Police Case; Subjects Issued Summons
RUPD 26-029714/ CSA 86578 ,9/12/26 8:51,9/12/26 7:00,Domestic Violence; Simple Assault; False Imprisonment; Nature updated; Aggravated Assault-Strangulation,Non-student reported to RUPD that they were assaulted by a partner and not permitted to leave a vehicle.,Glassboro,Lot C,Closed; Subject Arrested; TRO Issued
CSA 86480,9/12/26 20:11,9/11/26 23:15,Harassment; Simple Assault,Student reported to RLUH staff that they were harassed and assaulted by a another student in their room.,Glassboro,Holly Pointe Commons ,Incident not reported to RUPD; Addressed by University Department
RUPD 26-029775,9/12/26 20:31,9/9/26 10:30,Motor Vehicle Theft (Electric bike),RUPD arrested a non-student for the theft of a student's e-bike. ,Glassboro,Outside of Student Center,Closed; Subject Arrested; Property recovered; Trespass Notice Issued
RUPD 26-029796,9/12/26 23:56,9/12/26 23:56,Possession of open container of alcohol,RUPD issued a summons to two students for possession of an open alcohol container.,Glassboro,Carpenter St.,Closed; Subjects issued summons
RUPD 26-029798,9/13/26 0:12,9/13/26 0:12,Possession of open container of alcohol,RUPD issued a summons to a student for possession of an open alcohol container.,Glassboro,Rt. 322/Main St.,Closed; Subject issued summons
"GEN 86488/RUPD 26-029855/CSA 86493, 86527",9/13/26 10:25,9/13/26 2:45,Domestic Violence (Roommates); Simple Assault,Student reported to RUPD that they were assaulted by a roommate.,Glassboro,230 Victoria St. Apts.,Closed; Reporting party declined police involvement; Addressed by University Department
RUPD 26-029874,9/13/26 16:43,9/13/26 15:40,Fraud,Student reported to RUPD that fraudulent transactions appeared on their debit account.,Glassboro,220 Rowan Blvd. Apts./ Online,Open/Active
RUPD 26-029914,9/14/26 0:22,9/14/26 0:17,Simple Assault,Student reported to RUPD that they were assaulted by another student.,Glassboro,North Halls Gazebo,Closed; Reporting party declined police involvement; Addressed by University Department
GPD 26-031979,9/14/26 9:54,8/30/26 22:53,Possession of open container of alcohol,GPD issued a summons to a non-student for possession of an open alcohol container.,Glassboro,Carpenter St.,Glassboro Police Case; Subject issued summons
GPD 26-031876,9/14/26 9:54,8/30/26 2:13,Improper Behavior,GPD issued a summons to a non-student for Improper behavior.,Glassboro,Rowan Blvd./Mullica Hill Rd.,Glassboro Police Case; Subject issued summons
GPD 26-031731,9/14/26 9:54,8/28/26 23:52,Possession of open container of alcohol; Littering,GPD issued a summons to a non-student for possession of an open alcohol container and littering.,Glassboro,E. New St./N. Main St.,Glassboro Police Case; Subject issued summons
GPD 26-031706,9/14/26 9:54,8/28/26 22:27,Possession of open container of alcohol; Littering,GPD issued a summons to two students for possession of an open alcohol container and littering.,Glassboro,N. Main St./Victoria St.,Glassboro Police Case; Subjects issued summons
GPD 26-031705,9/14/26 9:54,8/28/26 22:22,Possession of open container of alcohol,GPD issued a summons to two students for possession of an open alcohol container.,Glassboro,N. Main St./Victoria St.,Glassboro Police Case; Subjects issued summons
GPD 26-032854,9/14/26 9:54,9/6/26 2:12,Disorderly Conduct,GPD issued a summons to two non-students for creating a disturbance.,Glassboro,Rowan Blvd. parking garage,Glassboro Police Case; Subjects issued summons
GPD 26-032813,9/14/26 9:54,9/5/26 23:17,Possession of open container of alcohol,GPD issued a summons to a non-student for possession of an open alcohol container.,Glassboro,Rowan Blvd./Redmond Ave.,Glassboro Police Case; Subject issued summons
GPD 26-032704,9/14/26 9:54,9/5/26 3:17,Possession of open container of alcohol in vehicle; DWI,GPD arrested a non-student for possession of an open alcohol container and DWI.,Glassboro,N. Main St. ,Glassboro Police Case; Subject Arrested
GPD 26-032668,9/14/26 9:54,9/4/26 23:13,Possession of open container of alcohol,GPD issued a summons to a non-student for possession of an open alcohol container.,Glassboro,Rowan Blvd./N. Main St.,Glassboro Police Case; Subject issued summons
GPD 26-032664,9/14/26 9:54,9/4/26 22:54,Possession of open container of alcohol; Obstruction,GPD issued a summons to a student for possession of an open alcohol container and a non-student for possession of an open alcohol container and obstruction.,Glassboro,Rowan Blvd.,Glassboro Police Case; Subjects issued summons
GPD 26-030700,9/14/26 9:54,8/20/26 14:44,Disorderly Conduct; Obstruction,GPD arrested a non-student for Disorderly Conduct and Obstruction after being disorderly in a retail store and uncooperative with an investigation outside of the Whitney Center.,Glassboro,Outside of Whitney Center,Glassboro Police Case; Subjects issued summons
CSA 86536,9/14/26 15:40,9/14/26 Unk.,Theft,Student reported to RLUH staff that bathroom supplies were stolen from their closet.,Glassboro,Evergreen Hall,Incident not reported to RUPD; Addressed by University Department
GPD 26-032562,9/15/26 9:47,9/4/26 4:45,Possession of open container of alcohol,GPD issued a summons to a non-student for possession of an open alcohol container.,Glassboro,N. Main St./Focer St.,Glassboro Police Case; Subject issued summons
GPD 26-032539,9/15/26 9:47,9/4/26 2:29,Possession of open container of alcohol,GPD issued a summons to a student for possession of an open alcohol container.,Glassboro,Carpenter St./Silver Ave.,Glassboro Police Case; Subject issued summons
GPD 26-032534,9/15/26 9:47,9/4/26 1:59,Possession of open container of alcohol,GPD issued a summons to a student for possession of an open alcohol container.,Glassboro,Carpenter St./Campus Ter.,Glassboro Police Case; Subject issued summons
GPD 26-032525,9/15/26 9:47,9/4/26 1:24,Possession of open container of alcohol,GPD issued a summons to a student for possession of an open alcohol container.,Glassboro,Victoria St./Bulldog Way,Glassboro Police Case; Subject issued summons
GPD 26-032370,9/15/26 9:47,9/3/26 1:58,Possession of open container of alcohol,GPD issued a summons to a student for possession of an open alcohol container.,Glassboro,N. Main St./West St.,Glassboro Police Case; Subject issued summons
GPD 26-032356,9/15/26 9:47,9/3/26 1:00,Possession of open container of alcohol,GPD issued a summons to a student for possession of an open alcohol container.,Glassboro,Carpenter St./Campus Ter.,Glassboro Police Case; Subject issued summons
GPD 26-032228,9/15/26 9:47,9/2/26 0:51,Possession of open container of alcohol,GPD issued a summons to a non-student for possession of an open alcohol container.,Glassboro,N. Main St./E. New St.,Glassboro Police Case; Subject issued summons
GPD 26-032227,9/15/26 9:47,9/2/26 0:47,Littering,GPD issued a summons to a student for Littering.,Glassboro,N. Main St./E. New St.,Glassboro Police Case; Subject issued summons
GPD 26-031982,9/15/26 9:47,8/30/26 23:01,Possession of open container of alcohol,GPD issued a summons to a non-student for possession of an open alcohol container.,Glassboro,Carpenter St.,Glassboro Police Case; Subject issued summons
GPD 26-031867,9/15/26 9:47,8/30/26 1:17,Failing to Supervise Minor,GPD issued summons for Failure to supervise a minor to a non-student adult.,Glassboro,Rowan Blvd./Mullica Hill Rd.,Glassboro Police Case; Subject issued summons
GPD 26-031860,9/15/26 9:47,8/30/26 0:18,Improper Behavior,GPD arrested two individuals who engaged in a physical altercation (non-student adult and a non-student juvenile).,Glassboro,Rowan Blvd./Victoria St.,Glassboro Police Case; Subjects Arrested
GPD 26-031505,9/15/26 9:47,8/27/26 11:20,Failing to Supervise Minor,GPD issued summons for Failure to supervise a minor to a non-student adult.,Glassboro,Oakwood Ave./Whitney Ave.,Glassboro Police Case; Subject issued summons
GPD 26-031764,9/15/26 9:47,8/29/26 2:21,DWI,GPD arrested a non-student for DWI.,Glassboro,N. Main St./College Ave.,Glassboro Police Case; Subject Arrested
RUPD 26-030137,9/15/26 14:11,9/15/26 13:55,Theft,Student reported to RUPD that their wallet was taken after mistakenly leaving it.,Glassboro,Science Hall,Open/Active
RUPD 26-030311 CAD/ CSA 86846,9/16/26 17:30,2021 Unknown,Sexual Assault-Rape,RUPD and a campus official received an anonymous report of a sexual assault that took place on campus in 2021.,Glassboro,Campus,Closed; No Further Action
RUPD 26-030319/ CSA 86684,9/16/26 19:22,9/16/26 18:00,Sexual Assault-Fondling,Student reported to RUPD being sexually assaulted in their on-campus residence.,Glassboro,On-Campus Residential Housing,Open/Active; Addressed by University Department
RUPD 26-030323,9/16/26 21:15,9/16/26 15:37,Motor Vehicle Theft (Electric Scooter),Student reported to RUPD that their E-scooter was stolen. ,Glassboro,Outside of James Hall,Closed; Subject Arrested; Property recovered
GEN 86674,9/16/26 23:31,9/16/26 11:15,Theft,Student reported to RUPD that their Doordash delivery was stolen.,Glassboro,Outside of Holly Pointe Commons ,Incident not reported to RUPD
CSA 86712,9/17/26 16:33,9/12/26 22:30,Simple Assault,Student reported to a campus official that they struck a guest in their on-campus residence after hearing a slur.,Glassboro,114 Victoria St. Apts.,Incident not reported to RUPD; Addressed by University Department
RUPD 26-030443 CAD/ CSA 86749,9/17/26 22:54,9/17/26 22:54,Harassment,Students reported repeated disturbances at their room to the RUPD and RLUH staff.,Glassboro,Holly Pointe Commons ,Closed; Addressed by University Department
RUPD 26-030450,9/17/26 23:37,9/17/26 19:15,Theft,Non-student reported to RUPD that their tennis rackets were stolen.,Glassboro,Campus tennis courts,Open/Active; UPDATED- Closed; Victim declined to pursue
"CSA 86737, 86779",9/18/26 11:01,9/17/26 Unk.,Sexual Assault-Rape,Student reported to a campus official being sexually assaulted in an on-campus residence.,Glassboro,On-Campus Residential Housing,Incident not reported to RUPD; Addressed by University Department
RUPD 26-030605,9/18/26 23:57,9/18/26 23:57,Possession of open container of alcohol,RUPD issued a summons to a student and a former student for possession of open alcohol containers.,Glassboro,N. Main St./Mullica Hill Rd.,Closed; Subjects issued summons
RUPD 26-030615,9/19/26 0:45,9/19/26 0:45,Possession of open container of alcohol,RUPD issued a summons to a student for possession of an open alcohol container.,Glassboro,Carpenter St.,Closed; Subject issued summons
RUPD 26-030621,9/19/26 1:30,9/19/26 1:30,Criminal mischief; Disorderly conduct; Obstruction; Providing False Identification,"RUPD arrested two students for damaging a mailbox, failing to cooperate with officers and providing false identification.",Glassboro,Carpenter St./N. Main St.,Closed; Subjects arrested
RUPD 26-030676,9/19/26 11:54,9/18/26 18:30,Simple Assault,A non-student juvenile reported to RUPD that they were struck by another non-student juvenile.,Glassboro,Basketball courts (near Mimosa Hall),Closed; Reporting party provided citizen's complaint info;
RUPD 26-030703,9/19/26 15:01,9/19/26 12:43,Defiant Trespassing,A previously banned non-student was present on campus property.,Glassboro ,Outside of Shpeen Hall ,Closed; Subject issued summons
RUPD 26-030772,9/20/26 0:07,9/20/26 0:07,Possession of open container of alcohol; Littering; Obstruction; Providing False Identification,RUPD observed a student carrying an open alcohol container. The student provided a fraudulent ID card to the officer and was issued summons.,Glassboro,Carpenter St.,Closed; Subject issued summons
RUPD 26-030784,9/20/26 0:58,9/20/26 0:58,Possession of open container of alcohol,RUPD issued a summons to a non-student for possession of an open alcohol container.,Glassboro,Carpenter St.,Closed; Subject issued summons
RUPD 26-030786,9/20/26 1:04,9/20/26 1:04,Possession of open container of alcohol,RUPD issued a summons to a student for possession of an open alcohol container.,Glassboro,Carpenter St./ Williamsburg Ct.,Closed; Subject issued summons
RUPD 26-030791,9/20/26 1:32,9/20/26 1:32,Possession of open container of alcohol,RUPD issued a summons to a non-student for possession of an open alcohol container.,Glassboro,Chestnut Hall lot,Closed; Subject issued summons
RUPD 26-030866,9/20/26 14:08,9/19/26 19:00,Theft,A student reported to RUPD that their bicycle was stolen.,Glassboro,Outside of Whitney Center,Open/Active
RUPD 26-030936,9/21/26 10:56,9/21/26 10:56,Trespassing,RUPD issued a summons to a non-student for trespassing.,Glassboro,Outside of Wilson Hall,Closed; Subject issued summons
RUPD 26-031065,9/22/26 12:07,9/19/26 11:40,Theft,A student reported to RUPD that their Airpods were stolen.,Glassboro,Holly Pointe Commons Dining Hall (Glassworks Eatery),Open/Active
RUPD 26-031068,9/22/26 12:12,9/6/26 Unk.,Criminal mischief; Disorderly conduct ,A student reported to RUPD that their sneakers were damaged by another student. Another student reported vandalism to their apartment door.,Glassboro,Whitney Center,Closed; Building ban was issued; Reporting parties declined police involvement
RUPD 26-031111/ CSA 86949,9/22/26 21:31,9/2/26 0:00,Sexual Assault-Rape,Student reported to RUPD being sexually assaulted in their on-campus residence.,Glassboro,On-Campus Residential Housing,Open/Active; Addressed by University Department
RUPD 26-031156/ CSA 86954,9/23/26 2:54,9/23/26 2:46,Domestic Violence; Simple Assault ,Non-students were involved in a physical altercation.,Glassboro,Outside of Whitney Center,Closed; Reporting parties declined police involvement
CSA 86947/ RUPD 26-031310,9/23/26 8:38,9/22/26 9:00,Criminal Mischief,Building staff observed graffiti scratched into partitions/doors.,Glassboro,Chamberlain Student Center,Addressed by University Department; Disposition updated; Closed; No Further Action
RUPD 26-031222,9/23/26 17:51,9/23/26 7:30,Theft,Student reported to RUPD that their duffle bag (containing clothing/personal items) was stolen.,Glassboro,Savitz Hall,Open/Active
CSA 86996/ RUPD 26-031336,9/23/26 21:26,9/23/26 16:57,Theft,Student reported to RLUH staff and RUPD that their bicycle was stolen.,Glassboro,Outside of Edgewood Park Apts.,Incident not reported to RUPD; Disposition Updated; Open/Active; Closed - Juvenile subject issued Station House Adjustment and Trespass Notice; Property recovered
RUPD 26-031268,9/24/26 2:17,9/24/26 2:17,Trespassing,RUPD issued trespassing warnings to two non-students.,West,Near Gilbreth Parkway,Closed; Trespass Warnings Issued
RUPD 26-031354/ CSA 87050/ GEN 87068,9/24/26 16:03,9/23/26 15:00,Domestic Violence (Roommates); Terroristic Threats,RUPD arrested a student for making terroristic threats towards a roommate.,Glassboro,Rowa Blvd. Apts.,Closed; Subject arrested; TRO Issued
RUPD 26-031371,9/24/26 20:38,9/24/26 20:38,Harassment; Defiant Trespassing; Failure to Supervise a Minor,Two students reported to RUPD that they were being harassed. RUPD issued summons for Defiant Trespassing to two non-student juveniles and Failure to supervise minor (1 non-student).,Glassboro,Rowan Blvd./ Holly Pointe Commons,Closed; Subjects issued summons and Trespassing Warnings
RUPD 26-031375,9/24/26 21:24,9/24/26 19:30,Motor Vehicle Theft (Electric Scooter),Student reported to RUPD that their E-scooter was stolen. ,Glassboro,Outside of the Rec. Center,Open/Active
RUPD 26-031400,9/25/26 0:04,9/24/26 23:50,Sextortion,Student reported to RUPD that they were threatened by an unknown individual with sharing an explicit image online if demand for money was not met.,Glassboro,Online; Holly Pointe Commons,Open/Active
RUPD 26-031407,9/25/26 0:58,9/25/26 0:58,Possession of open container of alcohol,RUPD issued a summons to a student for possession of an open alcohol container.,Glassboro,Carpenter St./ Campus Ter.,Closed; Subject issued summons
RUPD 26-031419,9/25/26 1:28,9/25/26 1:28,Disorderly Conduct,RUPD issued disorderly conduct related summons to a student and non-student for fighting.,Glassboro,Holly Pointe Commons lot,Closed; Subjects issued summons; Trespass Warning Issued
RUPD 26-031485,9/25/26 16:20,9/25/26 11:13,Fraud,"Student reported to RUPD they two unknown individuals, posing as police officers, coerced them into sending money.",Glassboro,230 Victoria St. Apts./via phone,Open/Active
RUPD 26-031558,9/26/26 1:36,9/26/26 1:36,DWI; Possession of open container of alcohol in vehicle,RUPD arrested a non-student for DWI and possessing an open container of alcohol in a vehicle.,Glassboro,Whitney Ave.,Closed; Subject arrested
RUPD 26-031644,9/26/26 22:40,9/26/26 22:40,Trespassing,RUPD arrested a non-student for trespassing.,Glassboro,Holly Pointe Commons,Closed; Subject arrested; Trespass Warning Issued
RUPD 26-031655,9/27/26 0:42,9/27/26 0:42,Possession of open container of alcohol,RUPD issued a summons to a non-student for possession of an open alcohol container.,Glassboro,Rowan Blvd./Rt. 322,Closed; Subject issued summons
"RUPD 26-031675/ CSA 87187, 87189",9/27/26 3:28,9/27/26 3:28,Domestic Violence; Simple Assault; Theft; Criminal mischief; Obstruction; Resisting Arrest,RUPD arrested a non-student who assaulted a partner; damaged personal property (iphone and TV) and apartment wall; stole a wallet (recovered); and was uncooperative with officers.,Glassboro,Whitney Center,Closed; Subject arrested
CSA 87279,9/30/26 1:17,9/29/26 11:20,Disorderly Conduct,Student reported to RLUH staff that they were harassed while using the shower.,Glassboro,Chestnut Hall,Incident not reported to RUPD; Addressed by University Department; Reporting party provided resources