incident_uid,case_number_raw,case_number_norm,date_reported_raw,date_occurred_raw,nature_raw,narrative_raw,campus_raw,location_raw,disposition_raw,source_file_id,source_file_name,source_month,source_row_index,content_hash,first_seen_by_archive,last_verified,missing_since,missing_count,last_absent,status,revision,flags
00357e8f562b2179,RUPD 26-027392,RUPD 26-027392,8/27/26 18:43,8/27/26 18:00,Theft,Non-student reported to RUPD that their purse was stolen from a lounge.,Glassboro,Magnolia Hall,Open/Active; Disposition updated/Inactive,1Ms5gjJX_-vnA4wUaTW-z60Hd98guINjRU5R-e5n58Ts,August 2026 Daily Crime Log,August 2026,32,4c5741967a3cb47c32a3ae508fd46b221298d627ae78fc6539d3e30c59882eab,2026-10-01,2026-10-01,,0,,active,1,
011b16ae27dc8c42,RUPD 26-028583,RUPD 26-028583,9/4/26 21:57,9/4/26 21:57,DWI,RUPD arrested a non-student juvenile for DWI,Glassboro,Ellis St./Sewell St.,Closed; Subject arrested,1HULCgv9mk7XMkfC2DKkBaOUm5rA00aVfO83lU9489p0,September 2026 Daily Crime Log,September 2026,14,8098aa18d97dfbbff258a8793f91bfd4140d64e7a19616ebd8f8ab0009a53444,2026-10-01,2026-10-01,,0,,active,1,
06d621b13e73141e,CSA 85685,CSA 85685,8/27/26 18:03,8/26/26 Unk.,Domestic Violence (Roommates); Harassment,Student reported to a staff member that they were harassed by a roommate.,Glassboro,114 Victoria St. Apts.,Incident not reported to RUPD; Addressed by University Department,1Ms5gjJX_-vnA4wUaTW-z60Hd98guINjRU5R-e5n58Ts,August 2026 Daily Crime Log,August 2026,30,78fdfd5e3c92e9d47e95629645c5f4c5ea0f28d0f55c73045462ab8ec73315cd,2026-10-01,2026-10-01,,0,,active,1,
07a533337e89dee8,RUPD 26-031156/ CSA 86954,RUPD 26-031156/ CSA 86954,9/23/26 2:54,9/23/26 2:46,Domestic Violence; Simple Assault,Non-students were involved in a physical altercation.,Glassboro,Outside of Whitney Center,Closed; Reporting parties declined police involvement,1HULCgv9mk7XMkfC2DKkBaOUm5rA00aVfO83lU9489p0,September 2026 Daily Crime Log,September 2026,93,177123b09b84ba7c5c3b4cf0cd929664839dec7f61cc526fa307c185002c963f,2026-10-01,2026-10-01,,0,,active,1,
0bb41e608ef0a51e,RUPD 26-030703,RUPD 26-030703,9/19/26 15:01,9/19/26 12:43,Defiant Trespassing,A previously banned non-student was present on campus property.,Glassboro,Outside of Shpeen Hall,Closed; Subject issued summons,1HULCgv9mk7XMkfC2DKkBaOUm5rA00aVfO83lU9489p0,September 2026 Daily Crime Log,September 2026,83,60c298ef5d31e9f2a553738f0b42aa8b126af31f43bdd84d212da0dce0199992,2026-10-01,2026-10-01,,0,,active,1,
0c220b27a08bc7ae,RUPD 26-031485,RUPD 26-031485,9/25/26 16:20,9/25/26 11:13,Fraud,"Student reported to RUPD they two unknown individuals, posing as police officers, coerced them into sending money.",Glassboro,230 Victoria St. Apts./via phone,Open/Active,1HULCgv9mk7XMkfC2DKkBaOUm5rA00aVfO83lU9489p0,September 2026 Daily Crime Log,September 2026,104,074a5b515be4b4b2a880092083cf8c662142374039ec705400ca30d4b2544423,2026-10-01,2026-10-01,,0,,active,1,
0ea6246518c34166,RUPD 26-031354/ CSA 87050/ GEN 87068,RUPD 26-031354/ CSA 87050/ GEN 87068,9/24/26 16:03,9/23/26 15:00,Domestic Violence (Roommates); Terroristic Threats,RUPD arrested a student for making terroristic threats towards a roommate.,Glassboro,Rowa Blvd. Apts.,Closed; Subject arrested; TRO Issued,1HULCgv9mk7XMkfC2DKkBaOUm5rA00aVfO83lU9489p0,September 2026 Daily Crime Log,September 2026,98,14134383b25b1008eb84a2f6aa06ede9795bcb737cd9a46010a9a7a5b259808c,2026-10-01,2026-10-01,,0,,active,1,
0f1247e3101c7a76,CSA 86947/ RUPD 26-031310,CSA 86947/ RUPD 26-031310,9/23/26 8:38,9/22/26 9:00,Criminal Mischief,Building staff observed graffiti scratched into partitions/doors.,Glassboro,Chamberlain Student Center,Addressed by University Department; Disposition updated; Closed; No Further Action,1HULCgv9mk7XMkfC2DKkBaOUm5rA00aVfO83lU9489p0,September 2026 Daily Crime Log,September 2026,94,4f221db937e512a7a319fb87dd3b68b3b318bf82c78f112e31b5f6e66a01490b,2026-10-01,2026-10-01,,0,,active,1,
114efdc6098dc703,RUPD 26-028514,RUPD 26-028514,9/4/26 14:53,9/4/26 9:00,Criminal Mischief,Student reported to RUPD that their vehicle window was damaged.,Glassboro,Lot F,Open/Active; Disposition updated/Inactive,1HULCgv9mk7XMkfC2DKkBaOUm5rA00aVfO83lU9489p0,September 2026 Daily Crime Log,September 2026,12,2bf1fe05d4b9f7743d6294e01440ba7e1f41e09caa31442806dcda8dc97c1832,2026-10-01,2026-10-01,,0,,active,1,
14543a83eaf5b9c9,RUPD 26-026280,RUPD 26-026280,8/17/26 10:38,8/17/26 10:15,Defiant Trespassing,RUPD issued a summons to a non-student for Defiant Trespassing.,Glassboro,Outside Shpeen Hall,Closed; Subject issued summons and trespass notice.,1Ms5gjJX_-vnA4wUaTW-z60Hd98guINjRU5R-e5n58Ts,August 2026 Daily Crime Log,August 2026,18,d3de50a6298e440255574054ccea57799f85856943be659e6177736cdc05bae4,2026-10-01,2026-10-01,,0,,active,1,near_duplicate
14c3c2efc7e8792a,RUPD 26-024281,RUPD 26-024281,7/29/26 17:25,7/28/26 23:10,Theft (Bicycle); Criminal Mischief (Lock),Student reported to RUPD that their bicycle was stolen and the lock was cut.,Glassboro,Outside of Rowan Blvd. Apts.,Open/Active; Disposition updated/Inactive,14LFgZwIAeQLjWSJBDkk2QNf1UI9vA0dsCB3ITSVtV2o,July 2026 Daily Crime Log,July 2026,25,ee4d06cb6cc2975b6762e3dfe7f97c78b7970c7a0a150828381a38844f4ff32e,2026-10-01,2026-10-01,,0,,active,1,
159f05fca51a9d7b,RUPD 26-028265,RUPD 26-028265,9/2/26 21:00,9/2/26 19:00,Theft,Student reported to RUPD that cash was stolen from their wallet.,Glassboro,114 Victoria St. Fitness Center,Open/Active,1HULCgv9mk7XMkfC2DKkBaOUm5rA00aVfO83lU9489p0,September 2026 Daily Crime Log,September 2026,6,faf6653bdc474e49877f1ca0b1c9fcd38721222f351472356d5c1659f34d79d4,2026-10-01,2026-10-01,,0,,active,1,
166045958db4787a,RUPD 26-018834,RUPD 26-018834,6/12/26 15:01,6/12/26 15:01,Trespassing (Defiant),RUPD charged two juveniles with Defiant Trespass and a third juvenile was issued a trespass warning.,Glassboro,Rowan Blvd. Apts. student housing,Closed; Subject Issued Summons; Trespassing Notice/Warning Issued; Two juveniles charged,1TLdzJn6iUkTi7KIUYR7A1uH-_c6NLy8yqCn3Wc16mAE,June 2026 Daily Crime Log,June 2026,8,0d9030381444911cb0562bbd2de45922d393f192a2f5cd585924b0670ffaeac5,2026-10-01,2026-10-01,,0,,active,1,
171c2e394b3af333,RUPD 26-031068,RUPD 26-031068,9/22/26 12:12,9/6/26 Unk.,Criminal mischief; Disorderly conduct,A student reported to RUPD that their sneakers were damaged by another student. Another student reported vandalism to their apartment door.,Glassboro,Whitney Center,Closed; Building ban was issued; Reporting parties declined police involvement,1HULCgv9mk7XMkfC2DKkBaOUm5rA00aVfO83lU9489p0,September 2026 Daily Crime Log,September 2026,91,f8c524deb7c5869ebd1854ad222a353c16bddeb7fc375a8248cb2607eee4f1da,2026-10-01,2026-10-01,,0,,active,1,
1872d34ef43ef643,RUPD 26-030137,RUPD 26-030137,9/15/26 14:11,9/15/26 13:55,Theft,Student reported to RUPD that their wallet was taken after mistakenly leaving it.,Glassboro,Science Hall,Open/Active,1HULCgv9mk7XMkfC2DKkBaOUm5rA00aVfO83lU9489p0,September 2026 Daily Crime Log,September 2026,70,1f8e039168612d1f35a5ec8aecaa83dc811b014a2a299eb7bfc61f46525ab7a3,2026-10-01,2026-10-01,,0,,active,1,
1b5a9fbce226e01d,RUPD 26-028159,RUPD 26-028159,9/2/26 1:04,9/2/26 1:04,Disorderly Conduct,RUPD arrested a non-student for causing a disturbance when be addressed by officers.,Glassboro,Lot B,Closed; Subject arrested; Trespass notice issued,1HULCgv9mk7XMkfC2DKkBaOUm5rA00aVfO83lU9489p0,September 2026 Daily Crime Log,September 2026,4,8416b22dfa256f1d3822c92c75e6c11a168676a8ac34e4b0cd10ded37da006b8,2026-10-01,2026-10-01,,0,,active,1,
1dacb4d4b05baf60,GPD 26-032227,GPD 26-032227,9/15/26 9:47,9/2/26 0:47,Littering,GPD issued a summons to a student for Littering.,Glassboro,N. Main St./E. New St.,Glassboro Police Case; Subject issued summons,1HULCgv9mk7XMkfC2DKkBaOUm5rA00aVfO83lU9489p0,September 2026 Daily Crime Log,September 2026,65,4def99cedbe92c297a13d12cc91ec68edbf1657c6bb21c84b0d627a81c99cb96,2026-10-01,2026-10-01,,0,,active,1,
1dea46a097bafdee,RUPD 26-029296/ CSA 86345,RUPD 26-029296/ CSA 86345,9/9/26 20:22,9/9/26 13:00,Theft,Student reported to RUPD that their AirPods were stolen outside of their room.,Glassboro,Holly Pointe Commons,Open/Active,1HULCgv9mk7XMkfC2DKkBaOUm5rA00aVfO83lU9489p0,September 2026 Daily Crime Log,September 2026,36,721d86b827e675559f97e6a11d5394c5452945289b7c93fbffafe88ea078830f,2026-10-01,2026-10-01,,0,,active,1,
1e147aa5c7d0a96a,GPD 26-032228,GPD 26-032228,9/15/26 9:47,9/2/26 0:51,Possession of open container of alcohol,GPD issued a summons to a non-student for possession of an open alcohol container.,Glassboro,N. Main St./E. New St.,Glassboro Police Case; Subject issued summons,1HULCgv9mk7XMkfC2DKkBaOUm5rA00aVfO83lU9489p0,September 2026 Daily Crime Log,September 2026,64,0bbb045735e668c75734baa03ed83abc5a6f486525b0c1efbdef5e4751a4109c,2026-10-01,2026-10-01,,0,,active,1,
1e147b3216c6437f,RUPD 26-028469,RUPD 26-028469,9/4/26 2:07,9/4/26 2:07,Creating False Public Alarm,Unknown individuals activated a fire alarm pull station.,Glassboro,223 W. High St. Apts.,Open/Active,1HULCgv9mk7XMkfC2DKkBaOUm5rA00aVfO83lU9489p0,September 2026 Daily Crime Log,September 2026,10,7c989d63ed751f7c655dd4e4af9ca5e616afb0ee741c6e5b82227f43bd954ee5,2026-10-01,2026-10-01,,0,,active,1,
1f681bd80a81f717,RUPD 26-023470,RUPD 26-023470,7/24/26 1:29,7/22/26 22:26,Trespassing (Defiant),RUPD issued a summons for Defiant Trespassing to a non-student.,Rowan-Virtua SOM (Stratford),6 S. White Horse Pike lot,Closed; Subject Issued Summons; Trespassing Notice/Warning Issued,14LFgZwIAeQLjWSJBDkk2QNf1UI9vA0dsCB3ITSVtV2o,July 2026 Daily Crime Log,July 2026,20,763b8e25eba438cbddd6bd0da930d1c7538a5568b3041ed0b85a7e99c9f4764f,2026-10-01,2026-10-01,,0,,active,1,
204183d0983fe04c,RUPD 26-028446,RUPD 26-028446,9/3/26 23:48,9/3/26 23:48,Possession of open container of alcohol,RUPD issued a summons to a student for possession of an open alcohol container.,Glassboro,Outside of Holly Pointe Commons,Closed; Subject issued summons,1HULCgv9mk7XMkfC2DKkBaOUm5rA00aVfO83lU9489p0,September 2026 Daily Crime Log,September 2026,9,991aff470e3e7080717d2b5840ada819a23377bbc1722dafa098b55ac6e6df51,2026-10-01,2026-10-01,,0,,active,1,
216079f4fc3c5552,RUPD 26-030615,RUPD 26-030615,9/19/26 0:45,9/19/26 0:45,Possession of open container of alcohol,RUPD issued a summons to a student for possession of an open alcohol container.,Glassboro,Carpenter St.,Closed; Subject issued summons,1HULCgv9mk7XMkfC2DKkBaOUm5rA00aVfO83lU9489p0,September 2026 Daily Crime Log,September 2026,80,623aa0f118c869627c9710ab1499f1276350bb364fe422381f8db85d26ef9c35,2026-10-01,2026-10-01,,0,,active,1,
2253c1b9156cf2fe,CSA 85573,CSA 85573,8/25/26 13:13,10/2025 Unk.,Domestic Violence; Stalking,Student reported to a staff member that they were assaulted and stalked by a former partner.,Glassboro,Chamberlain Student Center; Campus,Incident not reported to RUPD; Addressed by University Department,1Ms5gjJX_-vnA4wUaTW-z60Hd98guINjRU5R-e5n58Ts,August 2026 Daily Crime Log,August 2026,28,6dab30f03823ad31d512a2154dcc968bcbc7948d4ddedeb9b151896a0a8ddddc,2026-10-01,2026-10-01,,0,,active,1,
22622c9712c380f5,RUPD 26-029065/ CSA 86339,RUPD 26-029065/ CSA 86339,9/8/26 1:09,9/7/26 22:15,Harassment,Student reported to RUPD that a group of unknown individuals repeatedly made harassing statements.,Glassboro,Holly Pointe Commons,Closed; Reporting party declined police involvement,1HULCgv9mk7XMkfC2DKkBaOUm5rA00aVfO83lU9489p0,September 2026 Daily Crime Log,September 2026,32,ff8a3b5455ecb3f7b69577e0d79f1c831d89e2d72161b1dd63beda96c5a18bc4,2026-10-01,2026-10-01,,0,,active,1,
252fe39d4b83dd45,RUPD 26-024615,RUPD 26-024615,8/1/26 22:51,8/1/26 22:51,Alcohol Violation (DWI),RUPD arrested a student for DWI.,Glassboro,Carpenter St./ Bowe Blvd.,Closed; Subject Arrested,1Ms5gjJX_-vnA4wUaTW-z60Hd98guINjRU5R-e5n58Ts,August 2026 Daily Crime Log,August 2026,3,d1c9ced9fdc2698c6dc4168b56ed1a20f37d3a38af8ae3f661252af78611e9cd,2026-10-01,2026-10-01,,0,,active,1,
25ece9c50719a574,RUPD 26-028515/ CSA 86284,RUPD 26-028515/ CSA 86284,9/4/26 15:03,9/3/26 15:00,Sexual Assault/Sex Offense,Student reported to RUPD being sexually assaulted in their on-campus residence.,Glassboro,On-Campus Residential Housing,Open/Active; Addressed by University Department; Disposition Updated- Closed; Referred to GC Prosecutor,1HULCgv9mk7XMkfC2DKkBaOUm5rA00aVfO83lU9489p0,September 2026 Daily Crime Log,September 2026,13,2cb5c1296c4e6df9803766630accfeaf18e0ecc131130d86c0269e06ce6c09bc,2026-10-01,2026-10-01,,0,,active,1,
27d7fc083811ec79,RUPD 26-031655,RUPD 26-031655,9/27/26 0:42,9/27/26 0:42,Possession of open container of alcohol,RUPD issued a summons to a non-student for possession of an open alcohol container.,Glassboro,Rowan Blvd./Rt. 322,Closed; Subject issued summons,1HULCgv9mk7XMkfC2DKkBaOUm5rA00aVfO83lU9489p0,September 2026 Daily Crime Log,September 2026,107,035b8920c3b27dc65d8e4612ef1cdd67603092999a9ed2f8dbb4d4e834d4f64e,2026-10-01,2026-10-01,,0,,active,1,
27e2b41ade0975a3,CSA 85780,CSA 85780,8/30/26 23:38,8/29/26 23:00,Sex Offense-Rape,Student reported to RLUH staff being sexually assaulted in their on-campus residence.,Glassboro,On-Campus Residential Housing,Incident not reported to RUPD; Addressed by University Department,1Ms5gjJX_-vnA4wUaTW-z60Hd98guINjRU5R-e5n58Ts,August 2026 Daily Crime Log,August 2026,41,39893662b76842cb64a78c7906c2daaa5f4bcdfc57d98ecdbdf5af30b7402a9a,2026-10-01,2026-10-01,,0,,active,1,
280b9d59e79760ef,RUPD 26-028204,RUPD 26-028204,9/2/26 5:20,9/2/26 5:20,Trespassing,RUPD issued a summons to a non-student juvenile for trespassing of the campus.,Glassboro,Campus,Closed; Subject issued summons,1HULCgv9mk7XMkfC2DKkBaOUm5rA00aVfO83lU9489p0,September 2026 Daily Crime Log,September 2026,5,9b7e376ddc4d09229d8e0c9a4e5de48bd39b7c0d4b9c97ff7bfc9210042471e6,2026-10-01,2026-10-01,,0,,active,1,
28351ed5dc6fa072,RUPD 26-026345,RUPD 26-026345,8/18/26 2:32,8/18/26 2:32,Defiant Trespassing,RUPD issued a summons to a non-student for Defiant Trespassing.,Rowan-Virtua SOM (Stratford),6 S. White Horse Pike,Closed; Subject issued summons and trespass notice.,1Ms5gjJX_-vnA4wUaTW-z60Hd98guINjRU5R-e5n58Ts,August 2026 Daily Crime Log,August 2026,19,509f239d394b72425e43ca49f85a8d87a2b91f0858cc79df0f5ef951b40b8ed4,2026-10-01,2026-10-01,,0,,active,1,
28939b226bab3c13,GPD 26-020733,GPD 26-020733,6/12/26 9:58,5/29/26 14:59,Obstruction; Resisting Arrest,GPD informed RUPD that a juvenile was cited for Obstruction/Resisting Arrest.,Glassboro,S. Main St.,Glassboro Police Case; Closed; Subject Arrested; Juvenile Involved,1TLdzJn6iUkTi7KIUYR7A1uH-_c6NLy8yqCn3Wc16mAE,June 2026 Daily Crime Log,June 2026,7,78d7e6a96c3f464bf0e703a2301a7bb1663560c30e18c740250d4db938af2b34,2026-10-01,2026-10-01,,0,,active,1,
2900641a5b430efd,RUPD 26-030323,RUPD 26-030323,9/16/26 21:15,9/16/26 15:37,Motor Vehicle Theft (Electric Scooter),Student reported to RUPD that their E-scooter was stolen.,Glassboro,Outside of James Hall,Closed; Subject Arrested; Property recovered,1HULCgv9mk7XMkfC2DKkBaOUm5rA00aVfO83lU9489p0,September 2026 Daily Crime Log,September 2026,73,642dcf3e4e786e486d958e68d53b5fca2f850e1521e3b876ff27287116fd4e75,2026-10-01,2026-10-01,,0,,active,1,
2a6e0f9abdc36fd6,RUPD 26-023038,RUPD 26-023038,7/21/26 2:01,Unknown,Criminal Mischief- Graffiti,RUPD responded to a report of graffiti.,Glassboro,North Halls Gazebo,Open/Active; Disposition updated/Inactive,14LFgZwIAeQLjWSJBDkk2QNf1UI9vA0dsCB3ITSVtV2o,July 2026 Daily Crime Log,July 2026,16,9b3e97b79c0a6a4ed37f691973aa36f718111af2073e1e250906952e989e4082,2026-10-01,2026-10-01,,0,,active,1,
2ac5948cdc0caf5c,GPD 26-031706,GPD 26-031706,9/14/26 9:54,8/28/26 22:27,Possession of open container of alcohol; Littering,GPD issued a summons to two students for possession of an open alcohol container and littering.,Glassboro,N. Main St./Victoria St.,Glassboro Police Case; Subjects issued summons,1HULCgv9mk7XMkfC2DKkBaOUm5rA00aVfO83lU9489p0,September 2026 Daily Crime Log,September 2026,50,aa98628b8f621a14474eca91232c2cc49e10c8bdd1762b1559288f982eee5e80,2026-10-01,2026-10-01,,0,,active,1,
2c3a9e234c538a70,GPD 26-032534,GPD 26-032534,9/15/26 9:47,9/4/26 1:59,Possession of open container of alcohol,GPD issued a summons to a student for possession of an open alcohol container.,Glassboro,Carpenter St./Campus Ter.,Glassboro Police Case; Subject issued summons,1HULCgv9mk7XMkfC2DKkBaOUm5rA00aVfO83lU9489p0,September 2026 Daily Crime Log,September 2026,60,94d1f2884d8e0234eb428c9dc76ba2b91f702547085c4bb6f5c1f44571c34f8d,2026-10-01,2026-10-01,,0,,active,1,
307fa3729e7a7309,RUPD 26-029796,RUPD 26-029796,9/12/26 23:56,9/12/26 23:56,Possession of open container of alcohol,RUPD issued a summons to two students for possession of an open alcohol container.,Glassboro,Carpenter St.,Closed; Subjects issued summons,1HULCgv9mk7XMkfC2DKkBaOUm5rA00aVfO83lU9489p0,September 2026 Daily Crime Log,September 2026,42,ad682ae55e2c910cd7f39759fc56486434208df2547221da87dda1520f3cb4f6,2026-10-01,2026-10-01,,0,,active,1,
309b72d4368f8cfc,RUPD 26-028694,RUPD 26-028694,9/5/26 14:43,9/5/26 14:43,Possession of open container of alcohol,RUPD issued a summons to two students for possession of an open alcohol container.,Glassboro,Carpenter St.,Closed; Subjects issued summons,1HULCgv9mk7XMkfC2DKkBaOUm5rA00aVfO83lU9489p0,September 2026 Daily Crime Log,September 2026,20,238753f1559d7bb1b762d3e036c29507fd2f84c6a2339db3f1dff15a51e3dc06,2026-10-01,2026-10-01,,0,,active,1,
32e087f0fa9be266,RUPD 26-020279/ CSA 84055,RUPD 26-020279/ CSA 84055,6/26/26 3:54,6/26/26 3:51,Domestic Violence (Roommates); Harassment,"Student was arrested by RUPD for a DV (Harassment, Lewdness) of a roommate.",Glassboro,Rowan Blvd. Apts. student housing,Closed; Subject Arrested,1TLdzJn6iUkTi7KIUYR7A1uH-_c6NLy8yqCn3Wc16mAE,June 2026 Daily Crime Log,June 2026,15,5514dbc721f6e69ddf0139ffb5620f0913da4a0e8c074c21147ad58fa622e551,2026-10-01,2026-10-01,,0,,active,1,
34dddb168fa55916,RUPD 26-026015,RUPD 26-026015,8/14/26 20:13,8/14/26 20:13,Defiant Trespassing,RUPD arrested a non-student for Defiant Trespassing.,Glassboro,Campus,Closed; Subject Arrested,1Ms5gjJX_-vnA4wUaTW-z60Hd98guINjRU5R-e5n58Ts,August 2026 Daily Crime Log,August 2026,15,8c5ee95bd0a0b0e397aa2e5992f4f6c932c8962c33cc0e66ab411100b2d0bfa8,2026-10-01,2026-10-01,,0,,active,1,
356e616862b235d2,RUPD 26-022299,RUPD 26-022299,7/13/26 14:59,7/8/26 11:00,Harassment,Employee reported to RUPD that they were being harassed by a supervisor.,Glassboro,Outside of Intermediate School,Closed; Reporting party declined police involvement,14LFgZwIAeQLjWSJBDkk2QNf1UI9vA0dsCB3ITSVtV2o,July 2026 Daily Crime Log,July 2026,10,d5f393fdb6634921a6b74a7b9a96f3a66e301c2280b2644d27b943396b3a13f0,2026-10-01,2026-10-01,,0,,active,1,
35a5866be81afe84,GPD 26-031505,GPD 26-031505,9/15/26 9:47,8/27/26 11:20,Failing to Supervise Minor,GPD issued summons for Failure to supervise a minor to a non-student adult.,Glassboro,Oakwood Ave./Whitney Ave.,Glassboro Police Case; Subject issued summons,1HULCgv9mk7XMkfC2DKkBaOUm5rA00aVfO83lU9489p0,September 2026 Daily Crime Log,September 2026,69,35290404c1bb296e6f1b423951ea0bb7883910c1d2e87ffdd970e260431e1148,2026-10-01,2026-10-01,,0,,active,1,
363c1a8c287081d9,CSA 86996/ RUPD 26-031336,CSA 86996/ RUPD 26-031336,9/23/26 21:26,9/23/26 16:30,Theft,Student reported to RLUH staff and RUPD that their bicycle was stolen.,Glassboro,Outside of Edgewood Park Apts.,Incident not reported to RUPD; Disposition Updated; Open/Active,1HULCgv9mk7XMkfC2DKkBaOUm5rA00aVfO83lU9489p0,September 2026 Daily Crime Log,September 2026,96,905a59411a661cf86b6cc4a54ca8b6d89158e187d731cc97d23dca3c4d8f6eb5,2026-10-01,2026-10-01,,0,,active,1,
3ca60a2dd12bcc01,RUPD 26-029160,RUPD 26-029160,9/8/26 21:26,9/8/26 21:29,Simple Assault,Student reported to RUPD that they were assaulted by a non-student.,Glassboro,Campus,Open/Active; Disposition updated; Closed; Reporting party declined police involvement,1HULCgv9mk7XMkfC2DKkBaOUm5rA00aVfO83lU9489p0,September 2026 Daily Crime Log,September 2026,34,3aa28792b02e18267fb1b3efb5fbd912898afcebd6d25dc56eb4fbfa215667c4,2026-10-01,2026-10-01,,0,,active,1,
3d233a5c8ff3a8ce,GPD 26-032562,GPD 26-032562,9/15/26 9:47,9/4/26 4:45,Possession of open container of alcohol,GPD issued a summons to a non-student for possession of an open alcohol container.,Glassboro,N. Main St./Focer St.,Glassboro Police Case; Subject issued summons,1HULCgv9mk7XMkfC2DKkBaOUm5rA00aVfO83lU9489p0,September 2026 Daily Crime Log,September 2026,58,d26d308c27a37d6cc5e7051862821955d5214c1212b55401bfe279c07f4c1996,2026-10-01,2026-10-01,,0,,active,1,
40db3739f25cbb2d,RUPD 26-028618,RUPD 26-028618,9/5/26 0:52,9/5/26 0:52,Disorderly Conduct; Resisting Arrest,RUPD arrested a non-student for disorderly conduct and resisting arrest.,Glassboro,Outside of Holly Pointe Commons,Closed; Subject arrested,1HULCgv9mk7XMkfC2DKkBaOUm5rA00aVfO83lU9489p0,September 2026 Daily Crime Log,September 2026,17,958baea0af6f2d10b798f3d9810eb40b04b0cf01f6dc17867bff18ca13e4f1ad,2026-10-01,2026-10-01,,0,,active,1,
41dafbd93c17a204,CSA 86536,CSA 86536,9/14/26 15:40,9/14/26 Unk.,Theft,Student reported to RLUH staff that bathroom supplies were stolen from their closet.,Glassboro,Evergreen Hall,Incident not reported to RUPD; Addressed by University Department,1HULCgv9mk7XMkfC2DKkBaOUm5rA00aVfO83lU9489p0,September 2026 Daily Crime Log,September 2026,57,42e48b0112b03ee132e20095ffea433a2db061da5a40827118434563f9de0710,2026-10-01,2026-10-01,,0,,active,1,
41fd4b7a210c1795,RUPD 26-029571/ CSA 86421,RUPD 26-029571/ CSA 86421,9/11/26 10:14,9/11/26 5:00,Sexual Assault/Sex Offense,Student reported to RUPD being sexually assaulted in their on-campus residence.,Glassboro,On-Campus Residential Housing,Closed; Reporting party declined police involvement; Addressed by University Department,1HULCgv9mk7XMkfC2DKkBaOUm5rA00aVfO83lU9489p0,September 2026 Daily Crime Log,September 2026,37,2ebcf9371bf7ef31a04915b4e637801c2bb3142da55b29342ef2676a0cff228a,2026-10-01,2026-10-01,,0,,active,1,
4224ad0fb7311fbe,GPD 26-027033,GPD 26-027033,8/5/26 9:37,7/19/26 19:09,Alcohol Violation (DWI),GPD arrested a non-student for DWI.,Glassboro,Rt. 322,Closed; Subject Arrested,1Ms5gjJX_-vnA4wUaTW-z60Hd98guINjRU5R-e5n58Ts,August 2026 Daily Crime Log,August 2026,9,05ace059a93cfa64347ba3866494f5d4e47a50341b6c5db7ff0dbce4a0c8da9d,2026-10-01,2026-10-01,,0,,active,1,
42397a032f38497a,GPD 26-026298,GPD 26-026298,8/5/26 9:37,7/13/26 23:11,"Curfew, Failing to Supervise Minors",GPD issued summons for Curfew violations (2 juveniles) and Failure to supervise minors (2 non-students).,Glassboro,N. Poplar St./ W. High St.,Closed; Subjects Issued Summons,1Ms5gjJX_-vnA4wUaTW-z60Hd98guINjRU5R-e5n58Ts,August 2026 Daily Crime Log,August 2026,10,77a5cc379e408e7ac4336575a0fda0fc9ca701539a8cab2e205c0a711d4808c3,2026-10-01,2026-10-01,,0,,active,1,
431d1114951e1c87,GPD 26-032854,GPD 26-032854,9/14/26 9:54,9/6/26 2:12,Disorderly Conduct,GPD issued a summons to two non-students for creating a disturbance.,Glassboro,Rowan Blvd. parking garage,Glassboro Police Case; Subjects issued summons,1HULCgv9mk7XMkfC2DKkBaOUm5rA00aVfO83lU9489p0,September 2026 Daily Crime Log,September 2026,52,2ff7dc1e992705099dc24498c2ea0acf02f354c20735b179a3976ad32130841a,2026-10-01,2026-10-01,,0,,active,1,
44ab263134d07d91,RUPD 26-024138,RUPD 26-024138,7/28/26 15:54,7/28/26 15:54,Disorderly Conduct,RUPD issued a non-student a summons for Disorderly conduct.,Glassboro,Glassboro Town Square,Closed; Subject Issued Summons,14LFgZwIAeQLjWSJBDkk2QNf1UI9vA0dsCB3ITSVtV2o,July 2026 Daily Crime Log,July 2026,24,ca531fc6fa4478b12f3c0cf55ecb9b2b338780f2b44d8928a7a28de5e9dc5c3b,2026-10-01,2026-10-01,,0,,active,1,
451fef7f00149344,RUPD 26-022631,RUPD 26-022631,7/16/26 16:02,7/16/26 16:02,Trespassing,RUPD issued a Trespassing warning to a student.,Glassboro,Richard Wackar Stadium,Closed; Subject warned,14LFgZwIAeQLjWSJBDkk2QNf1UI9vA0dsCB3ITSVtV2o,July 2026 Daily Crime Log,July 2026,14,cbdd5a08e0c179d5895d6140621720e84b0a809874bbe012c045e456a3d0b318,2026-10-01,2026-10-01,,0,,active,1,
47defbe6f877255b,RUPD 26-031065,RUPD 26-031065,9/22/26 12:07,9/19/26 11:40,Theft,A student reported to RUPD that their Airpods were stolen.,Glassboro,Holly Pointe Commons Dining Hall (Glassworks Eatery),Open/Active,1HULCgv9mk7XMkfC2DKkBaOUm5rA00aVfO83lU9489p0,September 2026 Daily Crime Log,September 2026,90,af47492192e8739200dd0ea1be39d5abd35c32c0657e406f19fd99395919e6ed,2026-10-01,2026-10-01,,0,,active,1,
4866efce7499d3cb,RUPD 26-031222,RUPD 26-031222,9/23/26 17:51,9/23/26 7:30,Theft,Student reported to RUPD that their duffle bag (containing clothing/personal items) was stolen.,Glassboro,Savitz Hall,Open/Active,1HULCgv9mk7XMkfC2DKkBaOUm5rA00aVfO83lU9489p0,September 2026 Daily Crime Log,September 2026,95,e528a411a3073d1590fa927bd0a76f10195e4e21bf9fe31c5162fb90246a7033,2026-10-01,2026-10-01,,0,,active,1,
4bd5e72f48e0e244,RUPD 26-029914,RUPD 26-029914,9/14/26 0:22,9/14/26 0:17,Simple Assault,Student reported to RUPD that they were assaulted by another student.,Glassboro,North Halls Gazebo,Closed; Reporting party declined police involvement; Addressed by University Department,1HULCgv9mk7XMkfC2DKkBaOUm5rA00aVfO83lU9489p0,September 2026 Daily Crime Log,September 2026,46,9f94787ef45864e97a07852d26b27f171bd2772aefec8196740de7c5d5ec7284,2026-10-01,2026-10-01,,0,,active,1,
4ca1b2fbba7ed552,RUPD 26-027580,RUPD 26-027580,8/29/26 0:44,8/29/26 0:44,Disorderly Conduct,RUPD arrested a non-student for Disorderly conduct.,Glassboro,North Halls Gazebo,Closed; Subject Arrested,1Ms5gjJX_-vnA4wUaTW-z60Hd98guINjRU5R-e5n58Ts,August 2026 Daily Crime Log,August 2026,36,8bb75638ecd75bdaf2e290ae1d57318794523275c49ca45c3d663ba443b7e382,2026-10-01,2026-10-01,,0,,active,1,
4caa3742d0ae2c3a,GPD 26-032668,GPD 26-032668,9/14/26 9:54,9/4/26 23:13,Possession of open container of alcohol,GPD issued a summons to a non-student for possession of an open alcohol container.,Glassboro,Rowan Blvd./N. Main St.,Glassboro Police Case; Subject issued summons,1HULCgv9mk7XMkfC2DKkBaOUm5rA00aVfO83lU9489p0,September 2026 Daily Crime Log,September 2026,55,7c0c252f56d8ede619a0805d4fbfb04293ba9cc6b74f27ae33e573fc2efe3585,2026-10-01,2026-10-01,,0,,active,1,
4d48c11b304ee9f9,RUPD 26-023387,RUPD 26-023387,7/23/26 12:43,7/10/26 22:00,Theft- iPhone,Non-student reported to RUPD that their iPhone was taken.,Glassboro,North Halls Gazebo,Open/Active; Disposition updated; Closed; Investigation Completed; Unsolved,14LFgZwIAeQLjWSJBDkk2QNf1UI9vA0dsCB3ITSVtV2o,July 2026 Daily Crime Log,July 2026,18,dabca6126fdc7af8bf4a200f4736f45586ebfa6d7574d1d06ece1d81f298e06b,2026-10-01,2026-10-01,,0,,active,1,
4f7f579052041077,RUPD 26-027573,RUPD 26-027573,8/29/26 0:50,8/29/26 0:50,Possession of open container of alcohol in a vehicle; DWI,RUPD arrested a non-student for possession of open alcohol container in a vehicle and DWI.,Glassboro,Rt. 322,Closed; Subject Arrested,1Ms5gjJX_-vnA4wUaTW-z60Hd98guINjRU5R-e5n58Ts,August 2026 Daily Crime Log,August 2026,37,1aa9add2d36590f7f3218aed5029053a7df65bee10fc649e37e9e1a33933d4ff,2026-10-01,2026-10-01,,0,,active,1,
4fc0dc08643a1c0b,CSA 87279,CSA 87279,9/30/26 1:17,9/29/26 11:20,Disorderly Conduct,Student reported to RLUH staff that they were harassed while using the shower.,Glassboro,Chestnut Hall,Incident not reported to RUPD; Addressed by University Department; Reporting party provided resources,1HULCgv9mk7XMkfC2DKkBaOUm5rA00aVfO83lU9489p0,September 2026 Daily Crime Log,September 2026,109,6f605a7fa24b9e0cdd7f83f71783bbae7a99f8c7ff67b96e74d169812e2f3f63,2026-10-01,2026-10-01,,0,,active,1,
50851749adedb6c1,RUPD 26-029714/ CSA 86578,RUPD 26-029714/ CSA 86578,9/12/26 8:51,9/12/26 7:00,Domestic Violence; Simple Assault; False Imprisonment; Nature updated; Aggravated Assault-Strangulation,Non-student reported to RUPD that they were assaulted by a partner and not permitted to leave a vehicle.,Glassboro,Lot C,Closed; Subject Arrested; TRO Issued,1HULCgv9mk7XMkfC2DKkBaOUm5rA00aVfO83lU9489p0,September 2026 Daily Crime Log,September 2026,39,b029df75f76f4a0294c9556191184e118e797152db970580a4c4c2d18b6c3a51,2026-10-01,2026-10-01,,0,,active,1,
520e8806957448ca,RUPD 26-018717,RUPD 26-018717,6/11/26 21:04,6/11/26 21:04,Alcohol Violation (DWI),Student was arrested by RUPD for DWI.,West,Gilbreth Pkwy.,Closed; Subject Arrested,1TLdzJn6iUkTi7KIUYR7A1uH-_c6NLy8yqCn3Wc16mAE,June 2026 Daily Crime Log,June 2026,6,e1bcb76332ed2c3c60695b5c3b2566bb36dc29ad7e53370b7ab872f087c84149,2026-10-01,2026-10-01,,0,,active,1,
54bec20cbc0153b7,RUPD 26-027789,RUPD 26-027789,8/30/26 19:57,8/30/26 Unk.,Fraud,Student reported to RUPD that money was taken from their Cash App account due to an online fraud.,Glassboro,Holly Pointe Commons/Online,Open/Active,1Ms5gjJX_-vnA4wUaTW-z60Hd98guINjRU5R-e5n58Ts,August 2026 Daily Crime Log,August 2026,42,d5a8c9bf1e082d4021c0bb1d6ed3a85b2fa06dbcb587687354923945fcd6de47,2026-10-01,2026-10-01,,0,,active,1,
54e928e3f17702b0,RUPD 26-022586,RUPD 26-022586,7/16/26 7:16,7/16/26 7:16,Domestic Violence (Harassment),Non-student patient was harassing another non-student family member.,Rowan-Virtua SOM (Stratford),42 E. Laurel Rd. (Rowan Medicine Bldg.),Closed; Reporting party declined police involvement,14LFgZwIAeQLjWSJBDkk2QNf1UI9vA0dsCB3ITSVtV2o,July 2026 Daily Crime Log,July 2026,13,d21566a5a12be92ea406e5d16cf54080fcebb721491e96fd560b9aa3d4142420,2026-10-01,2026-10-01,,0,,active,1,
5589a8164da49d2e,GPD 26-017482,GPD 26-017482,6/9/26 10:39,5/2/26 0:43,Alcohol Violation (Possessing Open Container),GPD informed RUPD that a non-student was cited for possessing an open alcohol container.,Glassboro,Rowan Blvd./Redmond Ave.,Glassboro Police Case; Closed; Subject Issued Summons,1TLdzJn6iUkTi7KIUYR7A1uH-_c6NLy8yqCn3Wc16mAE,June 2026 Daily Crime Log,June 2026,3,96562cfdca951c6fad50256e43baac4c39f6d18ef9fffac33cdb111dbaaf390d,2026-10-01,2026-10-01,,0,,active,1,
572c5635296873b8,RUPD 26-026496,RUPD 26-026496,8/19/26 7:29,8/19/26 7:29,Trespassing,RUPD issued a trespassing warning to a non-student.,Glassboro,Campus,Closed; Subject issued trespass warning.,1Ms5gjJX_-vnA4wUaTW-z60Hd98guINjRU5R-e5n58Ts,August 2026 Daily Crime Log,August 2026,20,f1ea076b4127ba43b7377b5e4d5fa655d09335fdd2dfb70f9c67cc9a7cf51b1c,2026-10-01,2026-10-01,,0,,active,1,
577fbae78fd683a6,RUPD 26-027699,RUPD 26-027699,8/30/26 1:42,8/30/26 1:42,Possession of open container of CDS (Illegal Drug) in a vehicle; Possession of open container of Alcohol in a vehicle; DWI; Obstruction,"RUPD arrested a non-student for Illegal possession of CDS and Alcohol in a vehicle, DWI, and Obstruction.",Glassboro,Rt. 322,Closed; Subject Arrested,1Ms5gjJX_-vnA4wUaTW-z60Hd98guINjRU5R-e5n58Ts,August 2026 Daily Crime Log,August 2026,40,1f7a25582703d82b1e1ee94dbb97e7076df65ab5c7a27b5a9c7fbb201669f539,2026-10-01,2026-10-01,,0,,active,1,
57890df467d87224,RUPD 26-027692,RUPD 26-027692,8/30/26 0:17,8/30/26 0:17,Public Urination,RUPD issued a summons to a student for urinating in public.,Glassboro,Outside of Chestnut Hall,Closed; Subject Issued Summons,1Ms5gjJX_-vnA4wUaTW-z60Hd98guINjRU5R-e5n58Ts,August 2026 Daily Crime Log,August 2026,39,3f8dfa25f75d6f3afdd23fc8cf2ce62945dfc3790a0edde44eff1737272f1532,2026-10-01,2026-10-01,,0,,active,1,
57d2b39c1efb5731,GPD 26-017595,GPD 26-017595,6/9/26 10:39,5/3/26 1:02,Littering,GPD informed RUPD that a student was cited for littering.,Glassboro,N. Main St./E. New St.,Glassboro Police Case; Closed; Subject Issued Summons,1TLdzJn6iUkTi7KIUYR7A1uH-_c6NLy8yqCn3Wc16mAE,June 2026 Daily Crime Log,June 2026,5,37364f09c8b3cb43d37382dbbeade10773c38156c6baf2cadc673caf92a4735a,2026-10-01,2026-10-01,,0,,active,1,
5830408a8492ea35,GPD 26-031979,GPD 26-031979,9/14/26 9:54,8/30/26 22:53,Possession of open container of alcohol,GPD issued a summons to a non-student for possession of an open alcohol container.,Glassboro,Carpenter St.,Glassboro Police Case; Subject issued summons,1HULCgv9mk7XMkfC2DKkBaOUm5rA00aVfO83lU9489p0,September 2026 Daily Crime Log,September 2026,47,06fedd41c292642dbdb8e85a8a212c05f14e9dfd5f66d5a8cb30444310e843eb,2026-10-01,2026-10-01,,0,,active,1,
591ff691b373d0a2,GPD 26-031982,GPD 26-031982,9/15/26 9:47,8/30/26 23:01,Possession of open container of alcohol,GPD issued a summons to a non-student for possession of an open alcohol container.,Glassboro,Carpenter St.,Glassboro Police Case; Subject issued summons,1HULCgv9mk7XMkfC2DKkBaOUm5rA00aVfO83lU9489p0,September 2026 Daily Crime Log,September 2026,66,2bc2f173241be068da6bc5df99fadc29e69d88f0fa4ae2c61f33736db069fd70,2026-10-01,2026-10-01,,0,,active,1,
59bd9d72ad5d975b,RUPD 26-030605,RUPD 26-030605,9/18/26 23:57,9/18/26 23:57,Possession of open container of alcohol,RUPD issued a summons to a student and a former student for possession of open alcohol containers.,Glassboro,N. Main St./Mullica Hill Rd.,Closed; Subjects issued summons,1HULCgv9mk7XMkfC2DKkBaOUm5rA00aVfO83lU9489p0,September 2026 Daily Crime Log,September 2026,79,bf29160bef64f2eb96e2d4ddb40c9894e42c6263d31d3ca1d5d5d2e5a6e7edb4,2026-10-01,2026-10-01,,0,,active,1,
5e43dd2a00566950,RUPD 26-027432,RUPD 26-027432,8/28/26 1:04,8/28/26 1:04,Alcohol Violation (Open container),RUPD issued student a summons for possessing an open alcohol container.,Glassboro,Carpenter St.,Closed; Subject Issued Summons,1Ms5gjJX_-vnA4wUaTW-z60Hd98guINjRU5R-e5n58Ts,August 2026 Daily Crime Log,August 2026,34,3e55e12104f7b40847e38309f01e1831a8e15cf00db475af7e6b9d00c39f5964,2026-10-01,2026-10-01,,0,,active,1,
5eae0b0241657150,GPD 26-032356,GPD 26-032356,9/15/26 9:47,9/3/26 1:00,Possession of open container of alcohol,GPD issued a summons to a student for possession of an open alcohol container.,Glassboro,Carpenter St./Campus Ter.,Glassboro Police Case; Subject issued summons,1HULCgv9mk7XMkfC2DKkBaOUm5rA00aVfO83lU9489p0,September 2026 Daily Crime Log,September 2026,63,b560923fb16dc67e3e9c69511b26b1e5a817bc1675b0c8c080421d4d19b29e2d,2026-10-01,2026-10-01,,0,,active,1,
602f746fc7da1ba4,RUPD 26-024105,RUPD 26-024105,7/28/26 9:41,7/28/26 9:41,Possession of CDS (Illegal Drug) Paraphernalia,RUPD arrested a non-student for possessing illegal drug paraphernalia.,Glassboro,Ellis St. Lot,Closed; Subject Arrested,14LFgZwIAeQLjWSJBDkk2QNf1UI9vA0dsCB3ITSVtV2o,July 2026 Daily Crime Log,July 2026,23,5dc56fbe0dabb232e4209d3953caf84aa9c2bbd7c4bfc93c548a98045e9e49b7,2026-10-01,2026-10-01,,0,,active,1,
61e98c296d091d92,GPD 26-032664,GPD 26-032664,9/14/26 9:54,9/4/26 22:54,Possession of open container of alcohol; Obstruction,GPD issued a summons to a student for possession of an open alcohol container and a non-student for possession of an open alcohol container and obstruction.,Glassboro,Rowan Blvd.,Glassboro Police Case; Subjects issued summons,1HULCgv9mk7XMkfC2DKkBaOUm5rA00aVfO83lU9489p0,September 2026 Daily Crime Log,September 2026,56,6c347587a1e00e81aefbfd02121a2d3b8d3bbed8216d77000606d37d8468743d,2026-10-01,2026-10-01,,0,,active,1,
6285ee42ab86d65c,RUPD 26-020214,RUPD 26-020214,6/25/26 12:19,6/1/26 22:09,Motor Vehicle Theft (Electric Scooter),Three students were charged by RUPD for attempting to steal an E-scooter.,Glassboro,Outside of James Hall,Closed; Three students charged,1TLdzJn6iUkTi7KIUYR7A1uH-_c6NLy8yqCn3Wc16mAE,June 2026 Daily Crime Log,June 2026,12,eb8cf051e811ec9cc94eacb1f81bef91f103d8fd13ffaa09d37878951348b881,2026-10-01,2026-10-01,,0,,active,1,
6396792949cf4170,"RUPD 26-031675/ CSA 87187, 87189","RUPD 26-031675/ CSA 87187, 87189",9/27/26 3:28,9/27/26 3:28,Domestic Violence; Simple Assault; Theft; Criminal mischief; Obstruction; Resisting Arrest,RUPD arrested a non-student who assaulted a partner; damaged personal property (iphone and TV) and apartment wall; stole a wallet (recovered); and was uncooperative with officers.,Glassboro,Whitney Center,Closed; Subject arrested,1HULCgv9mk7XMkfC2DKkBaOUm5rA00aVfO83lU9489p0,September 2026 Daily Crime Log,September 2026,108,414a3534fd67311dad587752a18c3678a8c7bb217eb8c27d8af490ced3307c6f,2026-10-01,2026-10-01,,0,,active,1,
652654fff2079a87,RUPD 26-020225,RUPD 26-020225,6/25/26 16:20,6/25/26 13:33,Theft; Nature updated; Motor Vehicle Theft,Student reported to RUPD that their E-bike was stolen.,Glassboro,Outside of Robinson Hall,Open/Active; Disposition Updated; Closed; Reporting party declined police involvement; Property recovered,1TLdzJn6iUkTi7KIUYR7A1uH-_c6NLy8yqCn3Wc16mAE,June 2026 Daily Crime Log,June 2026,14,bbefffd9c31e42c413631b1828d55087c299e5d76fa6ca4bf35f5fb81078f607,2026-10-01,2026-10-01,,0,,active,1,
65adac17e0225870,GPD 26-033674/ RUPD 26-029694 CAD,GPD 26-033674/ RUPD 26-029694 CAD,9/12/26 3:12,9/12/26 3:12,Criminal Mischief,GPD issued summons to three individuals (2 students/1 non-student) for attempted to remove a flock camera.,Glassboro,Campus,Glassboro Police Case; Subjects Issued Summons,1HULCgv9mk7XMkfC2DKkBaOUm5rA00aVfO83lU9489p0,September 2026 Daily Crime Log,September 2026,38,01d415ea1541b4966066b6840c1a955a56fa7f0c40856c4873a0512e0c2d4a5a,2026-10-01,2026-10-01,,0,,active,1,
663ff941e7e1ff22,RUPD 26-025482,RUPD 26-025482,8/9/26 21:06,8/9/26 21:06,Alcohol Violation (DWI),RUPD arrested a non-student for DWI.,Rowan-Virtua SOM (Stratford),White Horse Pike (at New Rd.),Closed; Subject Arrested,1Ms5gjJX_-vnA4wUaTW-z60Hd98guINjRU5R-e5n58Ts,August 2026 Daily Crime Log,August 2026,12,2438b25658950507fb36bb3af79c7287315f93c3d0ff300114812e23d667f35b,2026-10-01,2026-10-01,,0,,active,1,
666c0992c8fdd171,RUPD 26-027429,RUPD 26-027429,8/28/26 0:26,8/28/26 0:26,Alcohol Violation (Open container),RUPD issued student a summons for possessing an open alcohol container.,Glassboro,Carpenter St.,Closed; Subject Issued Summons,1Ms5gjJX_-vnA4wUaTW-z60Hd98guINjRU5R-e5n58Ts,August 2026 Daily Crime Log,August 2026,33,26a7477a0fa53aa8ae60881672601d835f6e606dde0cd6c8958f347fdaf660ba,2026-10-01,2026-10-01,,0,,active,1,
67d7f1a08351b2c2,GPD 26-031876,GPD 26-031876,9/14/26 9:54,8/30/26 2:13,Improper Behavior,GPD issued a summons to a non-student for Improper behavior.,Glassboro,Rowan Blvd./Mullica Hill Rd.,Glassboro Police Case; Subject issued summons,1HULCgv9mk7XMkfC2DKkBaOUm5rA00aVfO83lU9489p0,September 2026 Daily Crime Log,September 2026,48,c8d29b77d752c93f560d1f2b8cdc259070f5184c32976699196f64eb3796fd20,2026-10-01,2026-10-01,,0,,active,1,
6842ff38fd53b5c2,"GEN 86488/RUPD 26-029855/CSA 86493, 86527","GEN 86488/RUPD 26-029855/CSA 86493, 86527",9/13/26 10:25,9/13/26 2:45,Domestic Violence (Roommates); Simple Assault,Student reported to RUPD that they were assaulted by a roommate.,Glassboro,230 Victoria St. Apts.,Closed; Reporting party declined police involvement; Addressed by University Department,1HULCgv9mk7XMkfC2DKkBaOUm5rA00aVfO83lU9489p0,September 2026 Daily Crime Log,September 2026,44,cdde46829412c5239662b025a6b6b7982db9c6b2f0793d5e1a21bdbddc3eac22,2026-10-01,2026-10-01,,0,,active,1,
6d1d4da6bb430c5d,RUPD 26-024622,RUPD 26-024622,8/2/26 1:47,8/2/26 1:47,Disorderly Conduct,RUPD observed two non-students (one juvenile) fighting and issued summons for Disorderly Conduct.,Glassboro,Rowan Blvd.,Closed; Subjects Issued Summons,1Ms5gjJX_-vnA4wUaTW-z60Hd98guINjRU5R-e5n58Ts,August 2026 Daily Crime Log,August 2026,5,498526aee81d0dce0b48911878818d4ebbf298c3e4b9d8941507af85531920f4,2026-10-01,2026-10-01,,0,,active,1,
70e6df19bd8b8423,RUPD 26-030786,RUPD 26-030786,9/20/26 1:04,9/20/26 1:04,Possession of open container of alcohol,RUPD issued a summons to a student for possession of an open alcohol container.,Glassboro,Carpenter St./ Williamsburg Ct.,Closed; Subject issued summons,1HULCgv9mk7XMkfC2DKkBaOUm5rA00aVfO83lU9489p0,September 2026 Daily Crime Log,September 2026,86,7153a4ed4ccde9aa88c676acd3569349991ebd05dcfe9144d094b752b9c2020f,2026-10-01,2026-10-01,,0,,active,1,
71d1ffd868756d1d,"CSA 86737, 86779","CSA 86737, 86779",9/18/26 11:01,9/17/26 Unk.,Sexual Assault-Rape,Student reported to a campus official being sexually assaulted in an on-campus residence.,Glassboro,On-Campus Residential Housing,Incident not reported to RUPD; Addressed by University Department,1HULCgv9mk7XMkfC2DKkBaOUm5rA00aVfO83lU9489p0,September 2026 Daily Crime Log,September 2026,78,e044ddd72a046a2488aee25480079fd82d471a2a0173f3d22fabace4d8ec1470,2026-10-01,2026-10-01,,0,,active,1,
724926e91b9f8d6c,"RUPD 26-029181/ CSA 86286, 86378","RUPD 26-029181/ CSA 86286, 86378",9/9/26 0:12,9/8/26 22:12,Sexual Assault/Sex Offense,Student reported to RUPD being sexually assaulted in their on-campus residence.,Glassboro,On-Campus Residential Housing,Open/Active; Addressed by University Department,1HULCgv9mk7XMkfC2DKkBaOUm5rA00aVfO83lU9489p0,September 2026 Daily Crime Log,September 2026,35,b00598b4cd31f1c7ee993cc58800f947e81cf809e50f8c1ba85744027a23970d,2026-10-01,2026-10-01,,0,,active,1,
72590013bbf7ced0,RUPD 26-028592,RUPD 26-028592,9/4/26 22:30,9/4/26 22:30,Possession of open container of alcohol,RUPD issued a summons to a student for possession of an open alcohol container.,Glassboro,Outside of Holly Pointe Commons,Closed; Subject issued summons,1HULCgv9mk7XMkfC2DKkBaOUm5rA00aVfO83lU9489p0,September 2026 Daily Crime Log,September 2026,15,d3b5e4f5127c04aeafc2116f06bbbfde637138af47356ad35ab585a0f63f7fcc,2026-10-01,2026-10-01,,0,,active,1,
725f104f82d64928,GPD 26-032370,GPD 26-032370,9/15/26 9:47,9/3/26 1:58,Possession of open container of alcohol,GPD issued a summons to a student for possession of an open alcohol container.,Glassboro,N. Main St./West St.,Glassboro Police Case; Subject issued summons,1HULCgv9mk7XMkfC2DKkBaOUm5rA00aVfO83lU9489p0,September 2026 Daily Crime Log,September 2026,62,b850c9b0081e81020bee6e822ddd4b2e5ef7d675e1ba990a1caa9dd766d05e6d,2026-10-01,2026-10-01,,0,,active,1,
74bcac907d841ec8,GPD 26-017581,GPD 26-017581,6/9/26 10:39,5/3/26 0:19,Alcohol Violation (Possessing Open Container),GPD informed RUPD that a non-student was cited for possessing an open alcohol container.,Glassboro,Carpenter St.,Glassboro Police Case; Closed; Subject Issued Summons,1TLdzJn6iUkTi7KIUYR7A1uH-_c6NLy8yqCn3Wc16mAE,June 2026 Daily Crime Log,June 2026,4,1bb70d8bedf0818aad34beb84d0a1142cfa505130961173e95c1949ec8bd5417,2026-10-01,2026-10-01,,0,,active,1,
75e1abc8d7b384e5,GPD 26-032704,GPD 26-032704,9/14/26 9:54,9/5/26 3:17,Possession of open container of alcohol in vehicle; DWI,GPD arrested a non-student for possession of an open alcohol container and DWI.,Glassboro,N. Main St.,Glassboro Police Case; Subject Arrested,1HULCgv9mk7XMkfC2DKkBaOUm5rA00aVfO83lU9489p0,September 2026 Daily Crime Log,September 2026,54,ff6ad64bd53f83e14ec063fa88ae9352fbb071d10d1a0ec267e516b7c53eb551,2026-10-01,2026-10-01,,0,,active,1,
770040a9d2166689,GPD 26-031705,GPD 26-031705,9/14/26 9:54,8/28/26 22:22,Possession of open container of alcohol,GPD issued a summons to two students for possession of an open alcohol container.,Glassboro,N. Main St./Victoria St.,Glassboro Police Case; Subjects issued summons,1HULCgv9mk7XMkfC2DKkBaOUm5rA00aVfO83lU9489p0,September 2026 Daily Crime Log,September 2026,51,c9df11c5a492ac016d48db556235971e37e5c8e892eac1bf81843efea0b6fc1a,2026-10-01,2026-10-01,,0,,active,1,
788e6007991398bf,RUPD 26-029798,RUPD 26-029798,9/13/26 0:12,9/13/26 0:12,Possession of open container of alcohol,RUPD issued a summons to a student for possession of an open alcohol container.,Glassboro,Rt. 322/Main St.,Closed; Subject issued summons,1HULCgv9mk7XMkfC2DKkBaOUm5rA00aVfO83lU9489p0,September 2026 Daily Crime Log,September 2026,43,b31bb68d501a480e800c171d5391e05254616f0ed6fd76b61c2a872ee45da3e4,2026-10-01,2026-10-01,,0,,active,1,
7a9930631613b5f7,RUPD 26-030319/ CSA 86684,RUPD 26-030319/ CSA 86684,9/16/26 19:22,9/16/26 18:00,Sexual Assault-Fondling,Student reported to RUPD being sexually assaulted in their on-campus residence.,Glassboro,On-Campus Residential Housing,Open/Active; Addressed by University Department,1HULCgv9mk7XMkfC2DKkBaOUm5rA00aVfO83lU9489p0,September 2026 Daily Crime Log,September 2026,72,3820a23f9ea46807b0f8720a5c3b5db0ec663b193789b01ceb017f9d0193126c,2026-10-01,2026-10-01,,0,,active,1,
7b7f5881d2803550,RUPD 26-028143/ CSA 85932,RUPD 26-028143/ CSA 85932,9/1/26 23:20,9/1/26 22:30,Theft,Student reported to RUPD that their Doordash delivery was stolen.,Glassboro,57 N. Main St. Apts.,Open/Active,1HULCgv9mk7XMkfC2DKkBaOUm5rA00aVfO83lU9489p0,September 2026 Daily Crime Log,September 2026,3,7dbaafdc4260b56eb96ed2a57ed07fa774fb890499ced93711856d86bb4f8070,2026-10-01,2026-10-01,,0,,active,1,
7c144df316ee4df3,GPD 26-027986,GPD 26-027986,8/5/26 9:37,7/27/26 21:31,Disorderly Conduct,GPD issued a summons for Disorderly Conduct to a non-student.,Glassboro,Outside of Rowan Blvd. 314 (Pizza Hut).,Closed; Subject Issued Summons,1Ms5gjJX_-vnA4wUaTW-z60Hd98guINjRU5R-e5n58Ts,August 2026 Daily Crime Log,August 2026,7,89af7bc85b7922c8a134fa154ff60f6d60735b517a21bce5dc2975f235cc83ee,2026-10-01,2026-10-01,,0,,active,1,
7c6839e147fac2cd,RUPD 26-023225,RUPD 26-023225,7/22/26 11:38,Unknown,Theft- Workstation,IRT reported to RUPD that a workstation was missing from a lab.,Glassboro,Rohrer Business Hall,Open/Active; Disposition updated/Inactive,14LFgZwIAeQLjWSJBDkk2QNf1UI9vA0dsCB3ITSVtV2o,July 2026 Daily Crime Log,July 2026,17,08d05ee97db2586403dd00090c212a17219a39272780a1c2c836939b5cf775cb,2026-10-01,2026-10-01,,0,,active,1,
7e9d05a79843102e,RUPD 26-026716,RUPD 26-026716,8/21/26 13:10,8/21/26 7:00,Defiant Trespassing,RUPD issued a summons to a non-student for Defiant Trespassing.,Glassboro,Shpeen Hall parking lot,Closed; Subject issued summons and trespass notice.,1Ms5gjJX_-vnA4wUaTW-z60Hd98guINjRU5R-e5n58Ts,August 2026 Daily Crime Log,August 2026,22,4e9d7416c86eda214089c06b96f8701a3772523b9caeeeb5d94c23483b1fab3f,2026-10-01,2026-10-01,,0,,active,1,
80672601de5b7cc6,RUPD 26-030311 CAD/ CSA 86846,RUPD 26-030311 CAD/ CSA 86846,9/16/26 17:30,2021 Unknown,Sexual Assault-Rape,RUPD and a campus official received an anonymous report of a sexual assault that took place on campus in 2021.,Glassboro,Campus,Closed; No Further Action,1HULCgv9mk7XMkfC2DKkBaOUm5rA00aVfO83lU9489p0,September 2026 Daily Crime Log,September 2026,71,918640efc81090b4a45c30a7c3807ac8b83074bd60a1c987a73b668691e5c379,2026-10-01,2026-10-01,,0,,active,1,
81c27031ec3b36d8,RUPD 26-021138,RUPD 26-021138,7/3/26 10:07,7/3/26 10:07,Obstruction; Trespassing,RUPD arrested a non-student who was found trespassing and provided false identification information.,Glassboro,Science Hall,Closed; Subject Arrested; Trespassing Notice/Warning Issued,14LFgZwIAeQLjWSJBDkk2QNf1UI9vA0dsCB3ITSVtV2o,July 2026 Daily Crime Log,July 2026,6,6070c24ea6e048452b05ddc2d640299a0d8ab2884b0ba6ac84a13754a3166ce1,2026-10-01,2026-10-01,,0,,active,1,
82ff1fa94e709b00,RUPD 26-026034,RUPD 26-026034,8/15/26 0:17,8/15/26 0:17,"Alcohol Violations (Open Container in Vehicle, DWI)",RUPD arrested a non-student for Illegal possession of alcohol in a vehicle and DWI.,West,Lambs Rd. (Access road),Closed; Subject Arrested,1Ms5gjJX_-vnA4wUaTW-z60Hd98guINjRU5R-e5n58Ts,August 2026 Daily Crime Log,August 2026,17,53efa249a39eb4ffe76a94631e802b4c6de125f57ed7a8695ebdd2cf72b562a5,2026-10-01,2026-10-01,,0,,active,1,
84f3f8a0aa884eae,RUPD 26-022577,RUPD 26-022577,7/16/26 3:28,7/16/26 3:20,Motor Vehicle Theft (Electric Scooter) - Attempted,Employee reported to RUPD that they witnessed an attempted theft of a E-scooter.,Glassboro,Outside of Science Hall,Open/Active; Disposition updated/Inactive,14LFgZwIAeQLjWSJBDkk2QNf1UI9vA0dsCB3ITSVtV2o,July 2026 Daily Crime Log,July 2026,12,50ab74dfb9a6f9379ab4bf26783cb34bbff08ed486fb45169fd6afaff071de23,2026-10-01,2026-10-01,,0,,active,1,
864c6d126022c4d7,RUPD 26-031419,RUPD 26-031419,9/25/26 1:28,9/25/26 1:28,Disorderly Conduct,RUPD issued disorderly conduct related summons to a student and non-student for fighting.,Glassboro,Holly Pointe Commons lot,Closed; Subjects issued summons; Trespass Warning Issued,1HULCgv9mk7XMkfC2DKkBaOUm5rA00aVfO83lU9489p0,September 2026 Daily Crime Log,September 2026,103,7b9f3366855a50bc69fb2fd53c7e69a602e9042783da455600248874fc21c8ac,2026-10-01,2026-10-01,,0,,active,1,
87992940b968e231,"CSA 86141, 86143","CSA 86141, 86143",9/5/26 16:40,9/5/26 5:30,Simple Assault,Student reported a physical altercation in their room to the RLUH staff.,Glassboro,Holly Pointe Commons,Incident not reported to RUPD; Addressed by University Department,1HULCgv9mk7XMkfC2DKkBaOUm5rA00aVfO83lU9489p0,September 2026 Daily Crime Log,September 2026,24,825ae8cd88ed28c914a80788cc5f0217b422cf5913b2c4850b097c79c292e871,2026-10-01,2026-10-01,,0,,active,1,
88edf597c08d514e,RUPD 26-024791,RUPD 26-024791,8/4/26 1:06,8/4/26 1:06,Defiant Trespassing,RUPD arrested a previously banned non-student for Defiant Trespassing.,Glassboro,Ellis St. Lot,Closed; Subject Arrested,1Ms5gjJX_-vnA4wUaTW-z60Hd98guINjRU5R-e5n58Ts,August 2026 Daily Crime Log,August 2026,6,3ebb6081e67382f85ae2c606dd876654eba2d2de922707ff6aa62d2e0db5af25,2026-10-01,2026-10-01,,0,,active,1,
8976c845bec63c07,RUPD 26-028982/ CSA 86297,RUPD 26-028982/ CSA 86297,9/7/26 10:24,9/7/26 4:00,Sexual Assault/Sex Offense,Non-student juvenile reported to RUPD being sexually assaulted in a campus parking lot.,Glassboro,Campus lot,Open/Active,1HULCgv9mk7XMkfC2DKkBaOUm5rA00aVfO83lU9489p0,September 2026 Daily Crime Log,September 2026,29,d5dd0121b8d687c4b7c218a330c0c40014aa82950a6ea7aef488a61834f7c4e8,2026-10-01,2026-10-01,,0,,active,1,
8b3ce9a67a0881c1,RUPD 26-021903,RUPD 26-021903,7/10/26 11:36,6/29/2026 Unk.,Motor Vehicle Theft (Electric Scooter); Criminal Mischief (Lock),Student reported to RUPD that their E-scooter was stolen and the lock was broken.,Glassboro,Outside of Rowan Blvd. Apts.,Open/Active; Disposition updated/Inactive,14LFgZwIAeQLjWSJBDkk2QNf1UI9vA0dsCB3ITSVtV2o,July 2026 Daily Crime Log,July 2026,9,677b1401de063dce4d9266c01b6fd3b55bd075c2dd8c1f7ff48313659085be99,2026-10-01,2026-10-01,,0,,active,1,
8b9929081ed91f90,RUPD 26-029874,RUPD 26-029874,9/13/26 16:43,9/13/26 15:40,Fraud,Student reported to RUPD that fraudulent transactions appeared on their debit account.,Glassboro,220 Rowan Blvd. Apts./ Online,Open/Active,1HULCgv9mk7XMkfC2DKkBaOUm5rA00aVfO83lU9489p0,September 2026 Daily Crime Log,September 2026,45,25181be4bc3a29626a85cce3e839f732263f42326401f0ff3953beb09873b58a,2026-10-01,2026-10-01,,0,,active,1,
8c880253e5a99ce8,GPD 26-029134,GPD 26-029134,8/25/26 10:46,8/7/26 1:26,Public urination,GPD informed RUPD that a non-student was cited for urinating in public.,Glassboro,E. High St./ N. Main St.,Glassboro Police Case; Closed; Subject Issued Summons,1Ms5gjJX_-vnA4wUaTW-z60Hd98guINjRU5R-e5n58Ts,August 2026 Daily Crime Log,August 2026,27,0e3b0b8f5d2da24a7c093b5e75aa3ea14dee9b38e54ba3321a735d13cc436567,2026-10-01,2026-10-01,,0,,active,1,
8dd5fa09d2f3060c,CSA 86047,CSA 86047,9/3/26 22:27,9/3/26 22:00,Criminal Mischief,RLUH staff reported observing a hole in the wall.,Glassboro,230 Victoria St. Apts.,Incident not reported to RUPD; Addressed by University Department,1HULCgv9mk7XMkfC2DKkBaOUm5rA00aVfO83lU9489p0,September 2026 Daily Crime Log,September 2026,7,adf0c6703b365adf7458b389ec0c0bb0b77fc7377298577a7d46dbb8a8bb9c8a,2026-10-01,2026-10-01,,0,,active,1,
8e50c2e29917c13e,RUPD 26-020839,RUPD 26-020839,7/1/26 1:58,7/1/26 1:46,Trespassing (Defiant),RUPD issued a summons for Defiant Trespassing to a non-student who had been previously banned from campus.,Glassboro,Campus (near Rt. 322 crosswalk),Closed; Subject Issued Summons,14LFgZwIAeQLjWSJBDkk2QNf1UI9vA0dsCB3ITSVtV2o,July 2026 Daily Crime Log,July 2026,3,0f1c1113991ab2b1cbe108418dba0980ccf92a143e277413a9468401fd7e7d90,2026-10-01,2026-10-01,,0,,active,1,
8ea97caec2ec5573,RUPD 26-030784,RUPD 26-030784,9/20/26 0:58,9/20/26 0:58,Possession of open container of alcohol,RUPD issued a summons to a non-student for possession of an open alcohol container.,Glassboro,Carpenter St.,Closed; Subject issued summons,1HULCgv9mk7XMkfC2DKkBaOUm5rA00aVfO83lU9489p0,September 2026 Daily Crime Log,September 2026,85,857ca78fd59bf260a171ef32b4128ab1bd6ee3b2f0afa3d113865f02747cde29,2026-10-01,2026-10-01,,0,,active,1,
935eb710c1703d9c,RUPD 26-031400,RUPD 26-031400,9/25/26 0:04,9/24/26 23:50,Sextortion,Student reported to RUPD that they were threatened by an unknown individual with sharing an explicit image online if demand for money was not met.,Glassboro,Online; Holly Pointe Commons,Open/Active,1HULCgv9mk7XMkfC2DKkBaOUm5rA00aVfO83lU9489p0,September 2026 Daily Crime Log,September 2026,101,62da7fdb87df299030f78ff5977d3546e600e03f76039fc88de5714e9e622702,2026-10-01,2026-10-01,,0,,active,1,
9392a55383273269,"RUPD 26-027907/ CSA 85852, 85936","RUPD 26-027907/ CSA 85852, 85936",8/31/26 15:00,8/31/26 3:00,Theft,Student reported to RUPD that their power bank was taken from their room.,Glassboro,Holly Pointe Commons,Open/Active,1Ms5gjJX_-vnA4wUaTW-z60Hd98guINjRU5R-e5n58Ts,August 2026 Daily Crime Log,August 2026,44,ead2249bc7859d0a9d838fe50acc0f0dec488ef3e1ffc9109081f82c431b4d3d,2026-10-01,2026-10-01,,0,,active,1,
93d85b005134285a,RUPD 26-024001,RUPD 26-024001,7/27/26 14:22,7/27/26 14:22,Alcohol Violation (DWI),RUPD arrested a student for DWI.,Glassboro,N. Academy St./E. New St.,Closed; Subject Arrested,14LFgZwIAeQLjWSJBDkk2QNf1UI9vA0dsCB3ITSVtV2o,July 2026 Daily Crime Log,July 2026,22,a67b1cc9b87ff084c5079340dbe0b045a9e0c65a97b06406b9bae501b165706a,2026-10-01,2026-10-01,,0,,active,1,
962dec9bff198394,RUPD 26-026778,RUPD 26-026778,8/21/26 22:49,8/21/26 22:49,Weapons Law Violation; Obstruction; Public Urination,"RUPD arrested a non-student for Illegal possession of a weapon, Obstruction, and Public Urination",Glassboro,Mick Dr./ Redmond Ave.,Closed; Subject Arrested,1Ms5gjJX_-vnA4wUaTW-z60Hd98guINjRU5R-e5n58Ts,August 2026 Daily Crime Log,August 2026,24,0413d7642c89de0483a6599b100546f629bcecd17d1512ff5c05cd53a2149d70,2026-10-01,2026-10-01,,0,,active,1,
9ba419f8dd34de22,RUPD 26-019584,RUPD 26-019584,6/19/26 15:37,6/19/26 15:37,Possession of CDS (Illegal Drugs); Possession of CDS (Illegal Drug) Paraphernalia,Non-student was arrested by RUPD for possession of Illegal drugs/paraphernalia in a vehicle.,Glassboro,Rt. 322,Closed; Subject Arrested,1TLdzJn6iUkTi7KIUYR7A1uH-_c6NLy8yqCn3Wc16mAE,June 2026 Daily Crime Log,June 2026,9,a94932ed0e1939a4643ed5e54cd7412bfefc5f3046a918bb0aee691cb8a61bf1,2026-10-01,2026-10-01,,0,,active,1,
a061036e94a77384,RUPD 26-028502,RUPD 26-028502,9/4/26 11:39,9/1/26 20:00,Theft,Student reported to RUPD that their backpack (containing clothing/charger) was stolen.,Glassboro,Chestnut Hall,Open/Active,1HULCgv9mk7XMkfC2DKkBaOUm5rA00aVfO83lU9489p0,September 2026 Daily Crime Log,September 2026,11,194433c6e75440188ba264fc769f7afc49e0121ee832906a7cb75daa398ad53b,2026-10-01,2026-10-01,,0,,active,1,
a0723e86a2ddb24c,RUPD 26-019859,RUPD 26-019859,6/22/26 17:15,6/3/26 21:55,Theft; Criminal Mischief,Two students were charged by RUPD for theft of a bicycle and damaging a lock.,Glassboro,Outside of Holly Pointe Commons,Open/Active; Disposition Updated; Closed; 3 Subjects Arrested,1TLdzJn6iUkTi7KIUYR7A1uH-_c6NLy8yqCn3Wc16mAE,June 2026 Daily Crime Log,June 2026,10,fd6d538f5ce68ab94d952e2aa05f90396df8394ede59286323dfd914657ec87c,2026-10-01,2026-10-01,,0,,active,1,
a3d3aae56629f0eb,RUPD 26-022431,RUPD 26-022431,7/14/26 21:42,7/14/26 21:42,Alcohol Violation (DWI),RUPD arrested a non-student for DWI.,Glassboro,Rt. 322/West St.,Closed; Subject Arrested,14LFgZwIAeQLjWSJBDkk2QNf1UI9vA0dsCB3ITSVtV2o,July 2026 Daily Crime Log,July 2026,11,24b106f3367a2d4d7b7089fb40c42e49c42a0fa52b6f5fbd8479002720bd3a47,2026-10-01,2026-10-01,,0,,active,1,
a6289836cb57c340,RUPD 26-021711,RUPD 26-021711,7/9/26 0:09,7/9/26 0:09,Possession of CDS (Prohibited Drug/Paraphernalia),RUPD issued a summons for possessing an open container of cannabis in a motor vehicle to a non-student.,Glassboro,Main St./Victoria St.,Closed; Subject Issued Summons,14LFgZwIAeQLjWSJBDkk2QNf1UI9vA0dsCB3ITSVtV2o,July 2026 Daily Crime Log,July 2026,7,51eb8cec43bde4f9b239e70f5f29cb1c7c0f7cd93ee2e5254e343641319e5fb5,2026-10-01,2026-10-01,,0,,active,1,
a7eedcaaf17ac6f8,RUPD 26-030443 CAD/ CSA 86749,RUPD 26-030443 CAD/ CSA 86749,9/17/26 22:54,9/17/26 22:54,Harassment,Students reported repeated disturbances at their room to the RUPD and RLUH staff.,Glassboro,Holly Pointe Commons,Closed; Addressed by University Department,1HULCgv9mk7XMkfC2DKkBaOUm5rA00aVfO83lU9489p0,September 2026 Daily Crime Log,September 2026,76,211dafddf141e00a536ab9d299286c2eab58a3d833e50c6870f0afdfd403da90,2026-10-01,2026-10-01,,0,,active,1,
a82f3b24d648c84d,RUPD 26-021098/ CSA 84189,RUPD 26-021098/ CSA 84189,7/2/26 22:44,7/2/26 4:00,Domestic Violence; Assault (Simple),An outside agency informed RUPD that a non-student reported being assaulted by an ex-partner while present in their campus residence.,Glassboro,Rowan Blvd. Apts. student housing,Closed; Subject Arrested,14LFgZwIAeQLjWSJBDkk2QNf1UI9vA0dsCB3ITSVtV2o,July 2026 Daily Crime Log,July 2026,5,8ccf83acf08fe20c8fc15324c3534c57f3420fb3604ac2d4e9368665a95bd6d6,2026-10-01,2026-10-01,,0,,active,1,
a9b14e1d2c4ad309,RUPD 26-028924 CAD/ CSA 86172,RUPD 26-028924 CAD/ CSA 86172,9/6/26 21:09,9/6/26 21:00,Disorderly Conduct,Student reported to RUPD that an unknown individual attempted to gain entry into their room.,Glassboro,Holly Pointe Commons,Closed; Individual left prior to RUPD arrival.,1HULCgv9mk7XMkfC2DKkBaOUm5rA00aVfO83lU9489p0,September 2026 Daily Crime Log,September 2026,27,afceb3d560c4e21c5e4e7bb511eff2e4154fcacfeb526be6c7d3b1a478fa400d,2026-10-01,2026-10-01,,0,,active,1,
ac1ca6e6f26c839b,"RUPD 26-029134 CAD/ GPD 26-033184/ CSA 86216, 86534","RUPD 26-029134 CAD/ GPD 26-033184/ CSA 86216, 86534",9/8/26 9:18,9/8/26 Unk.,Simple Assault,"A student reported to a campus official, RUPD, and Glassboro PD that they were assaulted by a group of unknown persons.",Glassboro,Rowan Blvd.,Closed; Glassboro Police jurisdiction,1HULCgv9mk7XMkfC2DKkBaOUm5rA00aVfO83lU9489p0,September 2026 Daily Crime Log,September 2026,33,b27dca928c89729569f088306628e1c01b50ce4ccf193f9cab4a6d744b312e43,2026-10-01,2026-10-01,,0,,active,1,
ad779380c0385560,RUPD 26-027893/ CSA 85925,RUPD 26-027893/ CSA 85925,8/31/26 11:57,9/31/26 11:30,Domestic Violence (Roommates); Harassment,Student reported to RUPD that they were harassed by a roommate.,Glassboro,Mullica Hall,Closed; Reporting party declined police involvement; Addressed by University Department,1Ms5gjJX_-vnA4wUaTW-z60Hd98guINjRU5R-e5n58Ts,August 2026 Daily Crime Log,August 2026,43,5e5428e5c544d81e63e5f2622815166f6b32dc9e8eab1c9ff28c0df5be2fd79c,2026-10-01,2026-10-01,,0,,active,1,
ade71f3b7b6f1c1d,"RUPD 26-027651, 26-027668/ CSA 85740","RUPD 26-027651, 26-027668/ CSA 85740",8/29/26 15:52,8/29/26 15:52,Weapons Law Violation,RUPD arrested a student for possession of a prohibited weapon.,Glassboro,Holly Pointe Commons,Closed; Subject Arrested,1Ms5gjJX_-vnA4wUaTW-z60Hd98guINjRU5R-e5n58Ts,August 2026 Daily Crime Log,August 2026,38,7607661939e1ee4bdd5ace7cf8de50ab33f0d1ec722cad5333590810fef3fd2f,2026-10-01,2026-10-01,,0,,active,1,
aea582e27bbf3a2b,RUPD 26-027351,RUPD 26-027351,8/27/26 11:35,8/27/26 2:59,Motor Vehicle Theft; Attempted theft of property,Student reported to RUPD that their motor vehicle was stolen. A second vehicle was entered.,Glassboro,Chestnut Hall gravel lot,Open/Active; Updated - Property recovered,1Ms5gjJX_-vnA4wUaTW-z60Hd98guINjRU5R-e5n58Ts,August 2026 Daily Crime Log,August 2026,31,c9c7125616150cac78ad506ef4a724c13b3b52b65cdf645656e9d30dd1a780c2,2026-10-01,2026-10-01,,0,,active,1,
b14ba1c993562123,RUPD 26-024621,RUPD 26-024621,8/2/26 1:27,8/2/26 1:27,Possession of open container of CDS (Prohibited Drug) in a vehicle,RUPD issued a summons for possessing an open container of cannabis in a motor vehicle to a non-student.,Glassboro,Carpenter St.,Closed; Subject Issued Summons,1Ms5gjJX_-vnA4wUaTW-z60Hd98guINjRU5R-e5n58Ts,August 2026 Daily Crime Log,August 2026,4,11fad98bb07140bf120e17187784a61fae56dde280bf9ff794ae94966be48504,2026-10-01,2026-10-01,,0,,active,1,
b3172808c66eaea7,RUPD 26-028624,RUPD 26-028624,9/5/26 1:58,9/5/26 1:05,Theft,Student reported to RUPD that their wallet and car keys were stolen.,Glassboro,Holly Pointe Commons,Open/Active,1HULCgv9mk7XMkfC2DKkBaOUm5rA00aVfO83lU9489p0,September 2026 Daily Crime Log,September 2026,19,46ff735778ca2090e5524d4a5cc07ed32c0de19b26522ee68a4bdf9f1a6cdb57,2026-10-01,2026-10-01,,0,,active,1,
b3980d425e42e513,RUPD 26-024000,RUPD 26-024000,7/27/26 14:11,7/27/26 14:11,Trespassing,RUPD issued a Trespassing warning to a non-student.,Glassboro,Chamberlain Student Center,Closed; Trespassing Notice/Warning Issued,14LFgZwIAeQLjWSJBDkk2QNf1UI9vA0dsCB3ITSVtV2o,July 2026 Daily Crime Log,July 2026,21,565b5b0c90857544ad22f7a6e65b1a696a4419d4f86f1d8a9db5502354abaa74,2026-10-01,2026-10-01,,0,,active,1,
b642d09c05f48667,RUPD 26-023461,RUPD 26-023461,7/24/26 0:46,7/24/26 0:46,Littering,RUPD issued a summons for Littering to a non-student.,Glassboro,Lot A-1,Closed; Subject Issued Summons,14LFgZwIAeQLjWSJBDkk2QNf1UI9vA0dsCB3ITSVtV2o,July 2026 Daily Crime Log,July 2026,19,8d534cb5f4143f6c37c63adeaa57b189e50a5693127d1fa8b5e48d844f3054b6,2026-10-01,2026-10-01,,0,,active,1,
b6e30d55e5b0db9d,RUPD 26-031111/ CSA 86949,RUPD 26-031111/ CSA 86949,9/22/26 21:31,9/2/26 0:00,Sexual Assault-Rape,Student reported to RUPD being sexually assaulted in their on-campus residence.,Glassboro,On-Campus Residential Housing,Open/Active; Addressed by University Department,1HULCgv9mk7XMkfC2DKkBaOUm5rA00aVfO83lU9489p0,September 2026 Daily Crime Log,September 2026,92,2037602358e35103bdb968f1077561db505e7f37e61b1355e01618c463e2ad14,2026-10-01,2026-10-01,,0,,active,1,
b76610312c8c753e,RUPD 26-031644,RUPD 26-031644,9/26/26 22:40,9/26/26 22:40,Trespassing,RUPD arrested a non-student for trespassing.,Glassboro,Holly Pointe Commons,Closed; Subject arrested; Trespass Warning Issued,1HULCgv9mk7XMkfC2DKkBaOUm5rA00aVfO83lU9489p0,September 2026 Daily Crime Log,September 2026,106,85e6b84157553b3d5fd924a5f8def18e0eb599a12c3fd25307af47d3c6041139,2026-10-01,2026-10-01,,0,,active,1,
b8c7404b122d6e90,RUPD 26-028765/ CSA 86190,RUPD 26-028765/ CSA 86190,9/5/26 22:48,9/5/26 22:48,Simple Assault,Student reported to RUPD that they were involved in an altercation with another student.,Glassboro,Holly Pointe Commons,Closed; Reporting party provided citizen's complaint info; Building Trespass Warning Issued,1HULCgv9mk7XMkfC2DKkBaOUm5rA00aVfO83lU9489p0,September 2026 Daily Crime Log,September 2026,26,3a2025397dddd40a8f05205c03c23f46a7df6a55bd0d4ae8cb7cb17680c17f73,2026-10-01,2026-10-01,,0,,active,1,
b95c7cb39e4c04d0,RUPD 26-027490,RUPD 26-027490,8/28/26 10:35,8/28/26 9:37,Motor Vehicle Theft (Electric Scooter),Student reported to RUPD that their E-scooter was stolen.,Glassboro,Outside of Esby Gym,Closed; Property recovered,1Ms5gjJX_-vnA4wUaTW-z60Hd98guINjRU5R-e5n58Ts,August 2026 Daily Crime Log,August 2026,35,52f93da7809364efe04404ec235469172f4fd749ae23ccc859e7dbd4864992e4,2026-10-01,2026-10-01,,0,,active,1,
bb902fb713f34bea,RUPD 26-031268,RUPD 26-031268,9/24/26 2:17,9/24/26 2:17,Trespassing,RUPD issued trespassing warnings to two non-students.,West,Near Gilbreth Parkway,Closed; Trespass Warnings Issued,1HULCgv9mk7XMkfC2DKkBaOUm5rA00aVfO83lU9489p0,September 2026 Daily Crime Log,September 2026,97,6abb0c3b78ef03befadb5b8e5b073542d8ac3ef72d9bd29091a0d477e7a00a42,2026-10-01,2026-10-01,,0,,active,1,
be5cbeb263dcd39c,RUPD 26-020769/ CSA 84129,RUPD 26-020769/ CSA 84129,6/30/26 13:32,6/30/26 Unk.,Harassment,Student reported to RUPD that they were harassed by another student and not permitted to leave a room.,Glassboro,Rowan Blvd. Apts. student housing,Closed; Referred to Dean of Students,1TLdzJn6iUkTi7KIUYR7A1uH-_c6NLy8yqCn3Wc16mAE,June 2026 Daily Crime Log,June 2026,16,b4ef676725816953fee669bdbccc459d6abb4b0b2774fc7489f950fb85a26429,2026-10-01,2026-10-01,,0,,active,1,
c0688ce7715343dc,GPD 26-031860,GPD 26-031860,9/15/26 9:47,8/30/26 0:18,Improper Behavior,GPD arrested two individuals who engaged in a physical altercation (non-student adult and a non-student juvenile).,Glassboro,Rowan Blvd./Victoria St.,Glassboro Police Case; Subjects Arrested,1HULCgv9mk7XMkfC2DKkBaOUm5rA00aVfO83lU9489p0,September 2026 Daily Crime Log,September 2026,68,221c29a567297768546e3a8c7c095f280b7ecfb38ea24e909bef014d584149a7,2026-10-01,2026-10-01,,0,,active,1,
c1204f3211b39aee,RUPD 26-026512,RUPD 26-026512,8/19/26 11:16,8/7/26 21:45,Theft; Criminal Mischief; Defiant Trespassing,"Student reported to RUPD that their bicycle was stolen. UPDATE: RUPD issued a summons to a non-student juvenile for Theft, Criminal Mischief and Defiant Trespassing.",Glassboro,Outside of Rowan Blvd. Apts.,Property recovered; Closed; Subject issued summons,1Ms5gjJX_-vnA4wUaTW-z60Hd98guINjRU5R-e5n58Ts,August 2026 Daily Crime Log,August 2026,21,21494029931f0d4cc5103c9d7ab301c64acef89a0c183ef5710f65140f70259d,2026-10-01,2026-10-01,,0,,active,1,
c231d5eec581d1bc,RUPD 26-030450,RUPD 26-030450,9/17/26 23:37,9/17/26 19:15,Theft,Non-student reported to RUPD that their tennis rackets were stolen.,Glassboro,Campus tennis courts,Open/Active,1HULCgv9mk7XMkfC2DKkBaOUm5rA00aVfO83lU9489p0,September 2026 Daily Crime Log,September 2026,77,e9e27b28aaaa0a94c462514b759f9565cd9785767c90f3f0769c0f5a08ac317c,2026-10-01,2026-10-01,,0,,active,1,
c240f5edcc72ded0,RUPD 26-028697,RUPD 26-028697,9/5/26 15:05,9/5/26 15:05,Possession of open container of alcohol,RUPD issued a summons to a student for possession of an open alcohol container.,Glassboro,Carpenter St.,Closed; Subject issued summons,1HULCgv9mk7XMkfC2DKkBaOUm5rA00aVfO83lU9489p0,September 2026 Daily Crime Log,September 2026,21,55780f31f636551ea4576ef270e7bc5e7f509ad403c99fef01811fa65ed8d84d,2026-10-01,2026-10-01,,0,,active,1,
c3cafbb56026e342,RUPD 26-030772,RUPD 26-030772,9/20/26 0:07,9/20/26 0:07,Possession of open container of alcohol; Littering; Obstruction; Providing False Identification,RUPD observed a student carrying an open alcohol container. The student provided a fraudulent ID card to the officer and was issued summons.,Glassboro,Carpenter St.,Closed; Subject issued summons,1HULCgv9mk7XMkfC2DKkBaOUm5rA00aVfO83lU9489p0,September 2026 Daily Crime Log,September 2026,84,cefdb9db45b33e069c9f6513f4d5cd082f5fd78a2cb6b3f67c6c633b03362581,2026-10-01,2026-10-01,,0,,active,1,
c417b956bacdb5ad,RUPD 26-025149,RUPD 26-025149,8/7/26 0:04,8/7/26 0:04,"Alcohol Violation (DWI), Possession of CDS (Illegal Drug)",RUPD arrested a Non-student for possession of Illegal drug and DWI.,Glassboro,N. Main St. (near Rt. 322),Closed; Subject Arrested,1Ms5gjJX_-vnA4wUaTW-z60Hd98guINjRU5R-e5n58Ts,August 2026 Daily Crime Log,August 2026,11,b24d9be5cf6cc7c5aaabd1da108a81ae3cb5ac5d2d5c87bf338cde17921013fd,2026-10-01,2026-10-01,,0,,active,1,
c5001755618cb4f9,RUPD 26-020215,RUPD 26-020215,6/25/26 12:20,6/3/26 23:04,Motor Vehicle Theft (Electric Scooter),Three students were charged by RUPD for attempting to steal an E-scooter.,Glassboro,Outside of James Hall,Closed; Three students charged,1TLdzJn6iUkTi7KIUYR7A1uH-_c6NLy8yqCn3Wc16mAE,June 2026 Daily Crime Log,June 2026,13,fd195ab1c2968e2bc9c48cbbea2d1c162fee3ddca8d265958994ff11e62feab9,2026-10-01,2026-10-01,,0,,active,1,
c7768c1441852e91,GPD 26-032525,GPD 26-032525,9/15/26 9:47,9/4/26 1:24,Possession of open container of alcohol,GPD issued a summons to a student for possession of an open alcohol container.,Glassboro,Victoria St./Bulldog Way,Glassboro Police Case; Subject issued summons,1HULCgv9mk7XMkfC2DKkBaOUm5rA00aVfO83lU9489p0,September 2026 Daily Crime Log,September 2026,61,d5d20b17cb1c26257966064a1e34ed973ef306d310c71bb3082c84e78b78bb35,2026-10-01,2026-10-01,,0,,active,1,
cb47b971aeed47f6,GPD 26-032813,GPD 26-032813,9/14/26 9:54,9/5/26 23:17,Possession of open container of alcohol,GPD issued a summons to a non-student for possession of an open alcohol container.,Glassboro,Rowan Blvd./Redmond Ave.,Glassboro Police Case; Subject issued summons,1HULCgv9mk7XMkfC2DKkBaOUm5rA00aVfO83lU9489p0,September 2026 Daily Crime Log,September 2026,53,ddf03895d0ae5a66eceab4fe7276b88f1210a2d7f7a25d7d4804a596d844be1c,2026-10-01,2026-10-01,,0,,active,1,
cbbc740e862a31f5,"RUPD 26-028623/ CSA 86238, 86134","RUPD 26-028623/ CSA 86238, 86134",9/5/26 1:52,Since 5/13/26 Unk.,Harassment; Stalking,Student reported to RUPD being harassed/stalked by another student.,Glassboro,230 Victoria St. Apts./Online,Closed; Reporting party declined police involvement; Addressed by University Department,1HULCgv9mk7XMkfC2DKkBaOUm5rA00aVfO83lU9489p0,September 2026 Daily Crime Log,September 2026,18,bf7413bb53b31ef5f1ac6f773c765f067b882a2e425df016dc4dbf772a49564b,2026-10-01,2026-10-01,,0,,active,1,
ceee4b471c178f8f,RUPD 26-028610,RUPD 26-028610,9/5/26 0:15,9/5/26 0:15,Possession of open container of alcohol; Obstruction,RUPD issued a summons to a non-student for possession of an open alcohol container and Obstruction.,Glassboro,Outside of Holly Pointe Commons,Closed; Subject issued summons,1HULCgv9mk7XMkfC2DKkBaOUm5rA00aVfO83lU9489p0,September 2026 Daily Crime Log,September 2026,16,61d0f1ea3f59c0eb27b964f9fc391e9f382c2ef7713a51b27a65ffd18798aca5,2026-10-01,2026-10-01,,0,,active,1,
cf36db278ff8aa72,RUPD 26-030791,RUPD 26-030791,9/20/26 1:32,9/20/26 1:32,Possession of open container of alcohol,RUPD issued a summons to a non-student for possession of an open alcohol container.,Glassboro,Chestnut Hall lot,Closed; Subject issued summons,1HULCgv9mk7XMkfC2DKkBaOUm5rA00aVfO83lU9489p0,September 2026 Daily Crime Log,September 2026,87,ba102d39bb97b27e53a0f386214d91b04df15b0b9710dcf1c377067455054028,2026-10-01,2026-10-01,,0,,active,1,
d289a558f5f84639,RUPD 26-019990,RUPD 26-019990,6/23/26 20:39,6/23/26 20:39,Criminal Mischief,RUPD responded to a report of graffiti.,Glassboro,Gazebo,Open/Active; Disposition updated/Inactive,1TLdzJn6iUkTi7KIUYR7A1uH-_c6NLy8yqCn3Wc16mAE,June 2026 Daily Crime Log,June 2026,11,5a355eab32764dab6846a85129b0ab6278e9ac45641a35bee2fff4c796deddd5,2026-10-01,2026-10-01,,0,,active,1,
d39f20ed1af2487b,RUPD 26-031375,RUPD 26-031375,9/24/26 21:24,9/24/26 19:30,Motor Vehicle Theft (Electric Scooter),Student reported to RUPD that their E-scooter was stolen.,Glassboro,Outside of the Rec. Center,Open/Active,1HULCgv9mk7XMkfC2DKkBaOUm5rA00aVfO83lU9489p0,September 2026 Daily Crime Log,September 2026,100,6de98965751f96348ca261c35cfee0749bc73d2d6e0246eabcd9dd27a0b92011,2026-10-01,2026-10-01,,0,,active,1,
d3be705662364a6e,RUPD 26-030621,RUPD 26-030621,9/19/26 1:30,9/19/26 1:30,Criminal mischief; Disorderly conduct; Obstruction; Providing False Identification,"RUPD arrested two students for damaging a mailbox, failing to cooperate with officers and providing false identification.",Glassboro,Carpenter St./N. Main St.,Closed; Subjects arrested,1HULCgv9mk7XMkfC2DKkBaOUm5rA00aVfO83lU9489p0,September 2026 Daily Crime Log,September 2026,81,d67fceecf42e483e855d2bce699ffdd1a43c0e57ae57358e9a8e0db7b0449cb5,2026-10-01,2026-10-01,,0,,active,1,
d5e5537a9217fdf6,RUPD 26-029039,RUPD 26-029039,9/7/26 20:58,9/7/26 20:20,Sextortion,Student reported to RUPD that they were threatened by an unknown individual with sharing an explicit image online if demand for money was not met.,Glassboro,Campus,Open/Active,1HULCgv9mk7XMkfC2DKkBaOUm5rA00aVfO83lU9489p0,September 2026 Daily Crime Log,September 2026,30,94ae02de78dcf59ac8a018a65d76e355edf91beb7b779de44d388f0ebc1e0340,2026-10-01,2026-10-01,,0,,active,1,
d6a9bcf5d6c9fa81,RUPD 26-028701,RUPD 26-028701,9/5/26 15:21,9/5/26 15:21,Possession of open container of alcohol,RUPD issued a summons to a student for possession of an open alcohol container.,Glassboro,Carpenter St./Main St.,Closed; Subject issued summons,1HULCgv9mk7XMkfC2DKkBaOUm5rA00aVfO83lU9489p0,September 2026 Daily Crime Log,September 2026,22,e474d020477ca13bcb011715422a4105229669a4a30d00f96f047938a1d4866d,2026-10-01,2026-10-01,,0,,active,1,
d6d3daae72132937,RUPD 26-026280,RUPD 26-026280,8/21/26 13:48,8/21/26 13:48,Defiant Trespassing,RUPD issued a summons to a non-student for Defiant Trespassing.,Glassboro,Outside Shpeen Hall,Closed; Subject issued summons and trespass notice.,1Ms5gjJX_-vnA4wUaTW-z60Hd98guINjRU5R-e5n58Ts,August 2026 Daily Crime Log,August 2026,23,f16f092bfb3c3e8ed407b17e177b52c470d13afda2f7f2e5f6dab645073baf53,2026-10-01,2026-10-01,,0,,active,1,near_duplicate
d8a2e94a49cb0a99,CSA 85272,CSA 85272,8/14/26 23:37,8/14/26 22:17,Harassment,Two students submitted an online complaint indicating unknown males directed slurs at them.,Glassboro,Townhouse Parking Garage,Incident not reported to RUPD; Addressed by University Department,1Ms5gjJX_-vnA4wUaTW-z60Hd98guINjRU5R-e5n58Ts,August 2026 Daily Crime Log,August 2026,16,dc3073184a0f02fd694d7793d42a1372c8a64d7e96b22b6e053f36e7478281ee,2026-10-01,2026-10-01,,0,,active,1,
d9817165d154f23b,RUPD 26-025885,RUPD 26-025885,8/13/26 15:28,8/13/26 15:28,Disorderly Conduct,RUPD issued trespassing warnings to three non-student juveniles who were vandalizing the building.,Glassboro,Esby Gym,Closed; Subjects issued trespass warnings.,1Ms5gjJX_-vnA4wUaTW-z60Hd98guINjRU5R-e5n58Ts,August 2026 Daily Crime Log,August 2026,14,91bc2e0b27aa5c4f00ecefeb5e0af3ed7c9bd67a956d7bcd2334e5ab17c053c1,2026-10-01,2026-10-01,,0,,active,1,
d9a8da096473631d,RUPD 26-027120,RUPD 26-027120,8/25/26 2:07,8/25/26 2:07,Possession of open container of CDS (Illegal Drug) in a vehicle; DWI,RUPD arrested a non-student for Illegal possession of CDS in a vehicle and DWI.,Glassboro,Rt. 322,Closed; Subject Arrested,1Ms5gjJX_-vnA4wUaTW-z60Hd98guINjRU5R-e5n58Ts,August 2026 Daily Crime Log,August 2026,26,753bf5f814fffb491b63724eb00fed4d15cd3183e7d01d888ed9aad92dbf3965,2026-10-01,2026-10-01,,0,,active,1,
d9d874727e321bd2,RUPD 26-028383,RUPD 26-028383,9/3/26 18:02,9/3/26 18:02,Harassment,RUPD issued a trespass warning to a non-student who was repeatedly yelling at a student from a vehicle.,Glassboro,Carpenter St.,Closed; Subject issued trespass warning,1HULCgv9mk7XMkfC2DKkBaOUm5rA00aVfO83lU9489p0,September 2026 Daily Crime Log,September 2026,8,c86bb19092b4c74d7e7951fa025427a2593d4604fda620286f82845aa83ee32b,2026-10-01,2026-10-01,,0,,active,1,
dc2108e581fa3fa9,RUPD 26-025866,RUPD 26-025866,8/13/26 10:47,8/13/26 10:47,Domestic Violence,RUPD issued trespassing warnings to two non-student (family members) who were harassing a student.,Glassboro,Campus,Closed; Subjects issued trespass warnings.,1Ms5gjJX_-vnA4wUaTW-z60Hd98guINjRU5R-e5n58Ts,August 2026 Daily Crime Log,August 2026,13,c31ad2dd139acfa1a1cae8f2ca35219a41252a3f73050f861b3a491797dd810e,2026-10-01,2026-10-01,,0,,active,1,
dc7627367e767d4b,RUPD 26-031407,RUPD 26-031407,9/25/26 0:58,9/25/26 0:58,Possession of open container of alcohol,RUPD issued a summons to a student for possession of an open alcohol container.,Glassboro,Carpenter St./ Campus Ter.,Closed; Subject issued summons,1HULCgv9mk7XMkfC2DKkBaOUm5rA00aVfO83lU9489p0,September 2026 Daily Crime Log,September 2026,102,1eadb04a5b5b70171d1949d5b05e08ba81e59195fa0f2f7c5d95aff83a9f728c,2026-10-01,2026-10-01,,0,,active,1,
df62dc29b460259e,RUPD 26-026882,RUPD 26-026882,8/22/26 23:44,8/22/26 23:44,"Alcohol Violations (Open Container in Vehicle, DWI)",RUPD arrested a non-student for Illegal possession of alcohol in a vehicle and DWI.,Glassboro,Bowe Blvd./ Rt. 322,Closed; Subject Arrested,1Ms5gjJX_-vnA4wUaTW-z60Hd98guINjRU5R-e5n58Ts,August 2026 Daily Crime Log,August 2026,25,d2dec326c2dd41b20b18764f80a27325947518a250e29408ff5264c0023ab48a,2026-10-01,2026-10-01,,0,,active,1,
e03debb9736a2c9c,CSA 86168,CSA 86168,9/6/26 21:59,8/30/26 22:45,Harassment,Students reported repeated disturbances at their room to the RLUH staff.,Glassboro,Holly Pointe Commons,Incident not reported to RUPD; Addressed by University Department,1HULCgv9mk7XMkfC2DKkBaOUm5rA00aVfO83lU9489p0,September 2026 Daily Crime Log,September 2026,28,a7e67ee151fc8dc373da2ff5582f0055ffef50e24653aa074bfc5d533f69c6fb,2026-10-01,2026-10-01,,0,,active,1,
e453a400a9503e7b,RUPD 26-020892/ CSA 8482506,RUPD 26-020892/ CSA 8482506,7/1/26 14:07,4/18/26 23:18,Criminal Mischief,RUPD issued a summons Immoral conduct to a student who damaged a fire extinguisher cabinet.,Glassboro,Holly Pointe Commons,Closed; Subject Issued Summons,14LFgZwIAeQLjWSJBDkk2QNf1UI9vA0dsCB3ITSVtV2o,July 2026 Daily Crime Log,July 2026,4,12e7d036000e21faec4f60680c56ad73f6331cf78a82e5fdea704d77c33e5391,2026-10-01,2026-10-01,,0,,active,1,
e5e6be8e2e738662,RUPD 26-030866,RUPD 26-030866,9/20/26 14:08,9/19/26 19:00,Theft,A student reported to RUPD that their bicycle was stolen.,Glassboro,Outside of Whitney Center,Open/Active,1HULCgv9mk7XMkfC2DKkBaOUm5rA00aVfO83lU9489p0,September 2026 Daily Crime Log,September 2026,88,5c761dc14b3c6161b2a3d6f21decb8bda037e984dddd56de880048be81afee52,2026-10-01,2026-10-01,,0,,active,1,
e8d4a2a3d42a9d8d,CSA 86712,CSA 86712,9/17/26 16:33,9/12/26 22:30,Simple Assault,Student reported to a campus official that they struck a guest in their on-campus residence after hearing a slur.,Glassboro,114 Victoria St. Apts.,Incident not reported to RUPD; Addressed by University Department,1HULCgv9mk7XMkfC2DKkBaOUm5rA00aVfO83lU9489p0,September 2026 Daily Crime Log,September 2026,75,027dfed8c3546d9ca60cf9254ea259371ce253d218c9b832646f9d1a2d9bc5f0,2026-10-01,2026-10-01,,0,,active,1,
e95ecd75748908bf,RUPD 26-021816,RUPD 26-021816,7/9/26 21:26,7/9/26 21:26,Trespassing,RUPD issued a Trespassing warning to a non-student.,Rowan-Virtua SOM (Stratford),42 E. Laurel Rd.,Closed; Trespassing Notice/Warning Issued,14LFgZwIAeQLjWSJBDkk2QNf1UI9vA0dsCB3ITSVtV2o,July 2026 Daily Crime Log,July 2026,8,77dd48767ff007279bc3cde8f22b6593ab5374b8ed8a8b65f1a008bb8a075a89,2026-10-01,2026-10-01,,0,,active,1,
e9eccbaf1b483d96,RUPD 26-030676,RUPD 26-030676,9/19/26 11:54,9/18/26 18:30,Simple Assault,A non-student juvenile reported to RUPD that they were struck by another non-student juvenile.,Glassboro,Basketball courts (near Mimosa Hall),Closed; Reporting party provided citizen's complaint info;,1HULCgv9mk7XMkfC2DKkBaOUm5rA00aVfO83lU9489p0,September 2026 Daily Crime Log,September 2026,82,85177ae07e079da90e7f05ee4cd8706718ff6a0b7f4697581c762a7a9359c493,2026-10-01,2026-10-01,,0,,active,1,
ea2aa405e52d2fce,RUPD 26-027241,RUPD 26-027241,8/26/26 9:08,8/25/26 21:00,Theft,Student reported to RUPD that the contents of their wallet were missing.,Glassboro,Campus,Open/Active,1Ms5gjJX_-vnA4wUaTW-z60Hd98guINjRU5R-e5n58Ts,August 2026 Daily Crime Log,August 2026,29,ca42db4a25d7453585c6d19d028bf0c1a431dbc00abb57be886b3b37d5dc17e1,2026-10-01,2026-10-01,,0,,active,1,
ecaf6ff18168c256,GPD 26-031867,GPD 26-031867,9/15/26 9:47,8/30/26 1:17,Failing to Supervise Minor,GPD issued summons for Failure to supervise a minor to a non-student adult.,Glassboro,Rowan Blvd./Mullica Hill Rd.,Glassboro Police Case; Subject issued summons,1HULCgv9mk7XMkfC2DKkBaOUm5rA00aVfO83lU9489p0,September 2026 Daily Crime Log,September 2026,67,37a93ce11609c051a001df82ed0e0dbbeafdcaf0806d3482680ee48b81599b28,2026-10-01,2026-10-01,,0,,active,1,
ed2d820a51f03cc7,GPD 26-027610,GPD 26-027610,8/5/26 9:37,7/25/26 4:02,Fugitive from Justice,GPD arrested a non-student on a Fugitive from Justice charge.,Glassboro,N. Main St./ E. High St.,Closed; Subject Arrested,1Ms5gjJX_-vnA4wUaTW-z60Hd98guINjRU5R-e5n58Ts,August 2026 Daily Crime Log,August 2026,8,d10d792785b9d433fc3b933049f3c3d9df3ca3c1fcad1a927f6975d155553b47,2026-10-01,2026-10-01,,0,,active,1,
ed7730d900f0fdd3,GEN 86674,GEN 86674,9/16/26 23:31,9/16/26 11:15,Theft,Student reported to RUPD that their Doordash delivery was stolen.,Glassboro,Outside of Holly Pointe Commons,Incident not reported to RUPD,1HULCgv9mk7XMkfC2DKkBaOUm5rA00aVfO83lU9489p0,September 2026 Daily Crime Log,September 2026,74,978765f030156eec208645d7415d34e33b0c8ba3a509413679d0c404966bfa84,2026-10-01,2026-10-01,,0,,active,1,
edde2f02c0a958c7,RUPD 26-029047,RUPD 26-029047,9/7/26 22:45,9/7/26 20:45,Sextortion,Student reported to RUPD that they were threatened by an unknown individual with sharing an explicit image online if demand for money was not met.,Glassboro,Campus,Open/Active,1HULCgv9mk7XMkfC2DKkBaOUm5rA00aVfO83lU9489p0,September 2026 Daily Crime Log,September 2026,31,4a2c7c7609b5875cf9a56d498c742a8cb3e6adc3eb33377afbd2a03a3b690f1e,2026-10-01,2026-10-01,,0,,active,1,
f2b7b4b7a5f3ab15,RUPD 26-028704,RUPD 26-028704,9/5/26 15:44,9/5/26 15:44,Possession of open container of alcohol,RUPD issued a summons to a student for possession of an open alcohol container.,Glassboro,Carpenter St./Silver Ave.,Closed; Subject issued summons,1HULCgv9mk7XMkfC2DKkBaOUm5rA00aVfO83lU9489p0,September 2026 Daily Crime Log,September 2026,23,511c4dfa8ad9098e00f0a1cbb8d8a52508fddcd032297fd87eba081dd0c9d7f5,2026-10-01,2026-10-01,,0,,active,1,
f2ef3ba1c63d3582,RUPD 26-029775,RUPD 26-029775,9/12/26 20:31,9/9/26 10:30,Motor Vehicle Theft (Electric bike),RUPD arrested a non-student for the theft of a student's e-bike.,Glassboro,Outside of Student Center,Closed; Subject Arrested; Property recovered; Trespass Notice Issued,1HULCgv9mk7XMkfC2DKkBaOUm5rA00aVfO83lU9489p0,September 2026 Daily Crime Log,September 2026,41,8507ca95187b4473077a4f6a9c2b44ce8620830f28d04970dfaccd29a93e1b2f,2026-10-01,2026-10-01,,0,,active,1,
f2f9e896dd6adcab,RUPD 26-028719,RUPD 26-028719,9/5/26 18:45,8/28/26 6:00,Theft,Student reported to RUPD that their wallet was stolen.,Glassboro,Chestnut Hall,Open/Active; Disposition updated/Inactive,1HULCgv9mk7XMkfC2DKkBaOUm5rA00aVfO83lU9489p0,September 2026 Daily Crime Log,September 2026,25,805b40df745d1db99fc2e6a67b656061470c0f6208092a8ffb4ac83a5291daef,2026-10-01,2026-10-01,,0,,active,1,
f4c4586026964d3b,RUPD 26-031371,RUPD 26-031371,9/24/26 20:38,9/24/26 20:38,Harassment; Defiant Trespassing; Failure to Supervise a Minor,Two students reported to RUPD that they were being harassed. RUPD issued summons for Defiant Trespassing to two non-student juveniles and Failure to supervise minor (1 non-student).,Glassboro,Rowan Blvd./ Holly Pointe Commons,Closed; Subjects issued summons and Trespassing Warnings,1HULCgv9mk7XMkfC2DKkBaOUm5rA00aVfO83lU9489p0,September 2026 Daily Crime Log,September 2026,99,c43dcaa204320d5ac52e4fd8334ce5c9cc407abc47963055d0b69166d9717de3,2026-10-01,2026-10-01,,0,,active,1,
f504117a7e0e50d4,GPD 26-031731,GPD 26-031731,9/14/26 9:54,8/28/26 23:52,Possession of open container of alcohol; Littering,GPD issued a summons to a non-student for possession of an open alcohol container and littering.,Glassboro,E. New St./N. Main St.,Glassboro Police Case; Subject issued summons,1HULCgv9mk7XMkfC2DKkBaOUm5rA00aVfO83lU9489p0,September 2026 Daily Crime Log,September 2026,49,f662533f1d51546e6b43c15e7db2d7225d9c182c8eeef80c694d12eaaad2e55e,2026-10-01,2026-10-01,,0,,active,1,
f54f900e261eee14,CSA 86480,CSA 86480,9/12/26 20:11,9/11/26 23:15,Harassment; Simple Assault,Student reported to RLUH staff that they were harassed and assaulted by a another student in their room.,Glassboro,Holly Pointe Commons,Incident not reported to RUPD; Addressed by University Department,1HULCgv9mk7XMkfC2DKkBaOUm5rA00aVfO83lU9489p0,September 2026 Daily Crime Log,September 2026,40,b2f0c1cc7740119f94aeaa4154c9b4df2246b6804928e00a897bd3153cc531b8,2026-10-01,2026-10-01,,0,,active,1,
f660f15711f2054d,RUPD 26-022823,RUPD 26-022823,7/18/26 14:00,7/18/26 14:00,Weapons Law Violation (Spring-loaded knife),RUPD arrested a non-student who was found in possession of an illegal knife.,Glassboro,Rt. 322,Closed; Subject Arrested,14LFgZwIAeQLjWSJBDkk2QNf1UI9vA0dsCB3ITSVtV2o,July 2026 Daily Crime Log,July 2026,15,4086597962ad28b4332af2320304e839b612bd209fbb14b37b81c526270caa49,2026-10-01,2026-10-01,,0,,active,1,
f748408f493f49cd,RUPD 26-031558,RUPD 26-031558,9/26/26 1:36,9/26/26 1:36,DWI; Possession of open container of alcohol in vehicle,RUPD arrested a non-student for DWI and possessing an open container of alcohol in a vehicle.,Glassboro,Whitney Ave.,Closed; Subject arrested,1HULCgv9mk7XMkfC2DKkBaOUm5rA00aVfO83lU9489p0,September 2026 Daily Crime Log,September 2026,105,6f9c70dde670d2d0e4555ce04c896ce5b9344aa9472f1becd0a203e23f74926e,2026-10-01,2026-10-01,,0,,active,1,
f8ba02b00d9a8023,GPD 26-032539,GPD 26-032539,9/15/26 9:47,9/4/26 2:29,Possession of open container of alcohol,GPD issued a summons to a student for possession of an open alcohol container.,Glassboro,Carpenter St./Silver Ave.,Glassboro Police Case; Subject issued summons,1HULCgv9mk7XMkfC2DKkBaOUm5rA00aVfO83lU9489p0,September 2026 Daily Crime Log,September 2026,59,92e8b57790b6a4f92441713475af9bbbdb9f44188d01bd863153aad6ad6cca8e,2026-10-01,2026-10-01,,0,,active,1,
fcb06b128a2a7711,RUPD 26-030936,RUPD 26-030936,9/21/26 10:56,9/21/26 10:56,Trespassing,RUPD issued a summons to a non-student for trespassing.,Glassboro,Outside of Wilson Hall,Closed; Subject issued summons,1HULCgv9mk7XMkfC2DKkBaOUm5rA00aVfO83lU9489p0,September 2026 Daily Crime Log,September 2026,89,6d160b1568b52ee6f66c8b92a2a44e176a47b28386881658f7866005e53c59f8,2026-10-01,2026-10-01,,0,,active,1,
