"Rowan University Daily Crime Log, June 2026",,,,,,,
Case Number,Date/Time Reported,Date/Time Occurred,Nature,Incident Narrative,Campus,Location,Disposition
GPD 26-017482,6/9/26 10:39,5/2/26 0:43,Alcohol Violation (Possessing Open Container),GPD informed RUPD that a non-student was cited for possessing an open alcohol container.,Glassboro,Rowan Blvd./Redmond Ave.,Glassboro Police Case; Closed; Subject Issued Summons
GPD 26-017581,6/9/26 10:39,5/3/26 0:19,Alcohol Violation (Possessing Open Container),GPD informed RUPD that a non-student was cited for possessing an open alcohol container.,Glassboro,Carpenter St.,Glassboro Police Case; Closed; Subject Issued Summons
GPD 26-017595,6/9/26 10:39,5/3/26 1:02,Littering,GPD informed RUPD that a student was cited for littering.,Glassboro,N. Main St./E. New St.,Glassboro Police Case; Closed; Subject Issued Summons
RUPD 26-018717,6/11/26 21:04,6/11/26 21:04,Alcohol Violation (DWI),Student was arrested by RUPD for DWI. ,West,Gilbreth Pkwy.,Closed; Subject Arrested
GPD 26-020733,6/12/26 9:58,5/29/26 14:59,Obstruction; Resisting Arrest,GPD informed RUPD that a juvenile was cited for Obstruction/Resisting Arrest.,Glassboro,S. Main St.,Glassboro Police Case; Closed; Subject Arrested; Juvenile Involved
RUPD 26-018834,6/12/26 15:01,6/12/26 15:01,Trespassing (Defiant),RUPD charged two juveniles with Defiant Trespass and a third juvenile was issued a trespass warning. ,Glassboro,Rowan Blvd. Apts. student housing,Closed; Subject Issued Summons; Trespassing Notice/Warning Issued; Two juveniles charged
RUPD 26-019584,6/19/26 15:37,6/19/26 15:37,Possession of CDS (Illegal Drugs); Possession of CDS (Illegal Drug) Paraphernalia,Non-student was arrested by RUPD for possession of Illegal drugs/paraphernalia in a vehicle.,Glassboro,Rt. 322,Closed; Subject Arrested
RUPD 26-019859,6/22/26 17:15,6/3/26 21:55,Theft; Criminal Mischief,Two students were charged by RUPD for theft of a bicycle and damaging a lock.,Glassboro,Outside of Holly Pointe Commons,Open/Active; Disposition Updated; Closed; 3 Subjects Arrested
RUPD 26-019990,6/23/26 20:39,6/23/26 20:39,Criminal Mischief,RUPD responded to a report of graffiti.,Glassboro,Gazebo,Open/Active; Disposition updated/Inactive
RUPD 26-020214,6/25/26 12:19,6/1/26 22:09,Motor Vehicle Theft (Electric Scooter),Three students were charged by RUPD for attempting to steal an E-scooter.,Glassboro,Outside of James Hall,Closed; Three students charged
RUPD 26-020215,6/25/26 12:20,6/3/26 23:04,Motor Vehicle Theft (Electric Scooter),Three students were charged by RUPD for attempting to steal an E-scooter.,Glassboro,Outside of James Hall,Closed; Three students charged
RUPD 26-020225,6/25/26 16:20,6/25/26 13:33,Theft; Nature updated; Motor Vehicle Theft,Student reported to RUPD that their E-bike was stolen.,Glassboro,Outside of Robinson Hall,Open/Active; Disposition Updated; Closed; Reporting party declined police involvement; Property recovered
RUPD 26-020279/ CSA 84055,6/26/26 3:54,6/26/26 3:51,Domestic Violence (Roommates); Harassment,"Student was arrested by RUPD for a DV (Harassment, Lewdness) of a roommate.",Glassboro,Rowan Blvd. Apts. student housing,Closed; Subject Arrested
RUPD 26-020769/ CSA 84129,6/30/26 13:32,6/30/26 Unk.,Harassment,Student reported to RUPD that they were harassed by another student and not permitted to leave a room.,Glassboro,Rowan Blvd. Apts. student housing,Closed; Referred to Dean of Students