"Rowan University Daily Crime Log, October 2026",,,,,,,
Case Number,Date/Time Reported,Date/Time Occurred,Nature,Incident Narrative,Campus,Location,Disposition
GPD 26-033812,10/1/26 15:50,9/13/26 2:21,Possession of open container of alcohol,GPD issued a summons to a non-student for possession of an open alcohol container.,Glassboro,Carpenter St./ N. Main St.,Glassboro Police Case; Subject issued summons
GPD 26-033807,10/1/26 15:50,9/13/26 2:09,Littering,GPD issued a summons to a student for littering.,Glassboro,N. Main St./ Carpenter St.,Glassboro Police Case; Subject issued summons
GPD 26-033787,10/1/26 15:50,9/13/26 0:28,Possession of open container of alcohol,GPD issued a summons to a student for possession of an open alcohol container.,Glassboro,Carpenter St./ Normal Blvd.,Glassboro Police Case; Subject issued summons
GPD 26-033774,10/1/26 15:50,9/12/26 23:21,Possession of open containers of alcohol,GPD issued summons to non-students for possession of an open alcohol container.,Glassboro,N. Main St/ West St.,Glassboro Police Case; Two subjects issued summons
GPD 26-033653,10/1/26 15:50,9/12/26 0:46,Possession of open container of alcohol,GPD issued a summons to a student for possession of an open alcohol container.,Glassboro,Carpenter St./ N. Main St.,Glassboro Police Case; Subject issued summons
GPD 26-033590,10/1/26 15:50,9/11/26 17:58,Possession of open container of alcohol,GPD issued a summons to a student for possession of an open alcohol container.,Glassboro,Carpenter St./ N. Campus Dr.,Glassboro Police Case; Subject issued summons
GPD 26-033507,10/1/26 15:50,9/11/26 1:19,Public urination,GPD issued a summons to a student for public urination.,Glassboro,200 Redmond Ave.,Glassboro Police Case; Subject issued summons
GPD 26-033500,10/1/26 15:50,9/11/26 0:25,Public urination,GPD issued a summons to a student for public urination.,Glassboro,Normal Blvd./ Carpenter St.,Glassboro Police Case; Subject issued summons
GPD 26-033497,10/1/26 15:50,9/10/26 23:36,Possession of open container of alcohol,GPD issued a summons to a student for possession of an open alcohol container.,Glassboro,N. Main St./ Carpenter St.,Glassboro Police Case; Subject issued summons
GPD 26-032864,10/1/26 15:50,9/6/26 3:36,Improper behavior,GPD issued a summons to a non-student for improper behavior.,Glassboro,Carpenter St./ Silver Ave.,Glassboro Police Case; Subject issued summons
GPD 26-032670,10/1/26 15:50,9/4/26 23:21,Possession of open container of alcohol,GPD issued a summons to a student for possession of an open alcohol container.,Glassboro,Rowan Blvd.,Glassboro Police Case; Subject issued summons
GPD 26-034636,10/1/26 16:20,9/20/26 0:47,Obstruction ,GPD arrested a student for not complying and providing ID.,Glassboro,Carpenter St.,Glassboro Police Case; Subject arrested
GPD 26-034508,10/1/26 16:20,9/19/26 1:33,Possession of open container of alcohol,GPD issued a summons to a non-student for possession of an open alcohol container.,Glassboro,Mullica Hill Rd./ N. Main St.,Glassboro Police Case; Subject issued summons
GPD 26-034496,10/1/26 16:20,9/19/26 0:37,Possession of open container of alcohol,GPD issued a summons to a non-student for possession of an open alcohol container.,Glassboro,Rowan Blvd.,Glassboro Police Case; Subject issued summons
GPD 26-034485,10/1/26 16:20,9/18/26 23:27,Public urination,GPD issued a summons to two non-students for public urination.,Glassboro,N. Main St./ Carpenter St.,Glassboro Police Case; Subjects issued summons
GPD 26-034479,10/1/26 16:20,9/18/26 22:46,Possession of open container of alcohol,GPD issued a summons to a student and a non-student for possession of an open alcohol container.,Glassboro,Rowan Blvd.,Glassboro Police Case; Subjects issued summons
GPD 26-034369,10/1/26 16:20,9/18/26 1:23,Possession of open container of alcohol,GPD issued a summons to a non-student for possession of an open alcohol container.,Glassboro,N. Main St./ Carpenter St.,Glassboro Police Case; Subject issued summons
GPD 26-034368,10/1/26 16:20,9/18/26 1:16,Public urination,GPD issued a summons to a student for public urination.,Glassboro,Carpenter St./ Campus Ter.,Glassboro Police Case; Subject issued summons
RUPD 26-032209,10/1/26 19:02,10/1/26 19:02,Trespassing,RUPD issued trespassing warnings to two non-students.,Glassboro,Shpeen Hall,Closed; Trespassing warnings issued
RUPD 26-032231,10/1/26 23:38,10/1/26 23:38,Obstruction; Resisting Arrest; Terroristic Threats,RUPD arrested a student when causing a disturbance.The subject was uncooperative and made threats towards the officers.,Glassboro,Outside of Holly Pointe Commons,Closed; Subject Arrested
CSA 87455,10/2/26 14:14,10/1/26 Unk.,Harassment,A student reported to RLUH staff that unknown individuals sexually harassed them.,Glassboro,Outside of Edgewood Park Apts.,Incident not reported to RUPD; Addressed by University Department
RUPD 26-032445/ CSA 87613,10/3/26 15:38,10/3/26 3:18,Sexual Assault-Fondling,Student reported to a campus official being sexually assaulted in an on-campus residence.,Glassboro,On-Campus Residential Housing,Closed; Reporting party declined police involvement; Addressed by University Department